id,domain,status,purchase_price,renewal_price,attractiveness,demand,length,registrar,created_at,expires_at,status_verified_at
a4f8b15b-aa73-4685-9dee-0bd8873c5c2b,chemical.auction,available,36.99,36.99,high,low,8,namesilo,,,08/09/2026 15:30
a196b63a-0783-4e7a-be02-b6ba7c6b3273,princely.auction,available,4.99,52.99,high,low,8,name.com,,,14/08/2026 01:00
65e46f2e-c33d-4ff4-b387-5e005a27e698,riyadh.auction,premium,118.8,118.8,high,low,6,namesilo,,,29/09/2026 06:50
c2e31a58-5e8d-42da-abf3-cdb092dbf970,mari.auction,available,36.99,36.99,high,low,4,namesilo,,,28/09/2026 01:39
558da120-c103-4310-be6d-0f40384a0843,punctured.auction,available,36.99,36.99,medium,low,9,namesilo,,,08/09/2026 16:56
96bf264a-c584-49d7-835a-7557f622a64b,locke.auction,available,36.99,36.99,high,low,5,namesilo,,,25/09/2026 08:02
a1e0f301-666e-4a81-a681-d5ff2e8ddc35,immodest.auction,available,4.99,52.99,medium,low,8,name.com,,,21/08/2026 21:09
16b72c29-8495-4bd7-998a-1e083faa02f9,intend.auction,available,38.98,46.98,high,low,6,namecheap,,,25/09/2026 18:20
e0718f5d-8d4e-4866-b111-2e044717008b,casting.auction,available,36.99,36.99,high,low,7,namesilo,,,28/09/2026 08:56
81967630-78f7-48bc-9ae3-a65dc75ab9ff,humboldt.auction,available,38.98,46.98,high,low,8,namecheap,,,22/09/2026 07:04
f2771ce1-19e8-45cd-95e2-6df107c6224e,methods.auction,available,29.18,29.18,medium,low,7,spaceship,,,28/09/2026 04:33
4561038a-a05b-4d54-8837-030121bb47d3,tonight.auction,available,3,30.18,high,low,7,dynadot,,,30/09/2026 14:14
23f36b7c-55d2-470a-aed4-3239db3ebd83,adapter.auction,available,36.99,36.99,high,low,7,namesilo,,,17/09/2026 06:30
a943f362-a6e1-4a67-abe5-ad57e7f45e44,yesteryear.auction,available,36.99,36.99,high,low,10,namesilo,,,08/09/2026 10:02
38e1fa9e-3570-47bc-84a8-93ca6f713480,avaricious.auction,available,4.99,52.99,medium,low,10,name.com,,,07/08/2026 21:48
731134e1-ffcd-4d7e-a06b-d396c744a2cb,natalia.auction,available,38.98,46.98,medium,low,7,namecheap,,,29/09/2026 04:04
447bb2f7-258b-4f75-90fa-d30ce488779a,unsilenced.auction,available,38.98,46.98,medium,low,10,namecheap,,,12/09/2026 19:56
e64c28cf-276a-4a02-90bd-f4613425bf6a,scanners.auction,premium,118.8,118.8,medium,low,8,namesilo,,,19/09/2026 22:09
c4afe748-6570-4cd2-a47b-a2265ab3ee53,dormant.auction,available,4.99,52.99,high,low,7,name.com,,,
cdb89cb6-2895-42af-909f-ea3ca9b02c88,serb.auction,available,36.99,36.99,high,low,4,namesilo,,,10/09/2026 04:35
d8d47ab4-71e8-4c4a-92de-7a0dc866c480,formalise.auction,available,3.09,29.35,high,low,9,porkbun,,,30/09/2026 19:59
7b53a25c-25bf-4b6e-82ff-b144d29ecfc9,unimpeded.auction,available,36.99,36.99,medium,low,9,namesilo,,,12/09/2026 13:10
1f7a45d9-eb89-45e1-9213-2e95ca99138c,errant.auction,available,4.99,52.99,high,low,6,name.com,,,17/08/2026 12:44
303ff7a6-1948-45fe-89c5-931068399a35,postman.auction,available,28.2,28.2,high,low,7,cloudflare,,,01/10/2026 02:53
3ffea890-28b9-4fa8-a665-c0d5e45716e2,fifth.auction,available,4.99,52.99,high,low,5,name.com,,,
cb8d6246-c5ff-49ea-9074-ffdf036f3d34,greeks.auction,available,28.2,28.2,medium,low,6,cloudflare,,,28/09/2026 22:45
878c453e-3417-47fe-a588-5a0b3863b47d,assemblages.auction,available,28.2,28.2,low,low,11,cloudflare,,,29/09/2026 05:48
1fa40917-0abd-41c7-8538-7d19049e33a6,covariant.auction,available,4.99,52.99,medium,low,9,name.com,,,13/08/2026 04:05
6772f7c3-4d1b-42d8-bda3-2ec40ef8eeca,mugwump.auction,available,4.99,52.99,medium,low,7,name.com,,,22/08/2026 02:43
fae686d8-f079-4541-bcfe-24788625fb58,terrain.auction,available,3,30.18,high,low,7,dynadot,,,28/09/2026 20:36
ce2d7336-34b4-42f8-8732-440e5feca270,snore.auction,available,29.18,29.18,high,low,5,spaceship,,,30/09/2026 11:22
0d5bd609-c2f2-49d8-b3fe-c052d492a6ad,craggy.auction,available,4.99,52.99,medium,low,6,name.com,,,13/08/2026 04:44
1593d1c5-32ef-4905-99f6-7d77d845e219,towed.auction,available,4.99,,medium,low,5,name.com,,,
d64a00bd-157f-477a-9a7f-9333d2d1a075,solemn.auction,available,4.99,52.99,high,low,6,name.com,,,14/08/2026 22:33
c59a5b81-5414-4c13-97ff-979398af4952,speedup.auction,available,4.99,,high,low,8,name.com,,,
2f4b8c44-f81b-419b-a551-a8d571711f50,aphesis.auction,available,38.98,46.98,medium,low,7,namecheap,,,19/09/2026 16:55
db993932-ee19-406a-aab2-0641a9422c8e,yowl.auction,available,36.99,36.99,medium,low,4,namesilo,,,23/09/2026 06:24
820a9c3e-2723-4f01-bc01-ea7036766232,gandhi.auction,available,36.99,36.99,high,low,6,namesilo,,,29/09/2026 20:38
077fe1c7-8dd5-4e78-82df-70438d6ed44a,gorton.auction,available,3.09,29.35,high,low,6,porkbun,,,30/09/2026 04:32
198bc709-c302-409b-b2c4-3e551ee32e29,police.auction,premium,500,,high,low,6,name.com,,,29/09/2026 11:14
952d08c5-f97f-429f-81a4-06f1af3b20de,pew.auction,available,3,30.18,high,low,3,dynadot,,,02/10/2026 04:22
b2200176-f167-4fd4-a568-5e91d14aeb49,tilted.auction,available,4.99,52.99,high,low,6,name.com,,,07/08/2026 13:29
40042999-827e-4597-b8b0-26f4539ca6a3,branch.auction,available,28.2,28.2,high,low,6,cloudflare,,,29/09/2026 03:57
89ec016d-f6b8-49f4-8858-1c32b2d56bde,storer.auction,available,3.09,29.35,high,low,6,porkbun,,,30/09/2026 19:21
92aae7ae-bc21-4957-9377-ebab8407e3e7,parental.auction,available,36.99,36.99,high,low,8,namesilo,,,08/09/2026 01:14
f2c9fc13-9cac-47f7-83c5-7813d05b0056,employees.auction,available,36.99,36.99,medium,low,9,namesilo,,,27/09/2026 02:50
43e0c3f9-4314-4dcd-a0f0-daf8a5fa5202,appreciation.auction,available,4.99,,high,low,12,name.com,,,
c9367656-22a9-43d7-b5be-d9cef60213b0,splinter.auction,available,29.18,29.18,medium,low,8,spaceship,,,30/09/2026 11:03
77d4fa3b-d435-4f8f-b9a3-8ce21916a7ce,follows.auction,available,36.99,36.99,high,low,7,namesilo,,,27/09/2026 18:23
d812842f-1a18-405d-b212-dbce33f6e495,aggregated.auction,available,4.99,52.99,high,low,10,name.com,,,
9fc6a623-e0f9-4b11-ab8e-21f3fa8bb73c,hiroshima.auction,available,36.99,36.99,high,low,9,namesilo,,,30/09/2026 10:08
cd1b06d5-6da2-4deb-8481-d3489e027575,acorn.auction,available,36.99,36.99,high,low,5,namesilo,,,17/09/2026 02:18
ab242e2a-e012-4172-9cdc-0cc68b350444,maggie.auction,available,36.99,36.99,high,low,6,namesilo,,,25/09/2026 11:56
a607bfa1-fcc4-454a-8df0-c6979025d39d,infidel.auction,available,4.99,52.99,medium,low,7,name.com,,,18/08/2026 21:58
81069ff0-43ba-468b-a1b4-95335a91142d,dardan.auction,available,38.98,46.98,medium,low,6,namecheap,,,11/09/2026 20:19
2c4b5092-c5a0-4965-8d9f-1fcbffcbcd14,packable.auction,available,36.99,36.99,medium,low,8,namesilo,,,04/09/2026 22:41
9d0f5740-356f-408b-8b56-80b16f08292c,injurious.auction,available,4.99,52.99,medium,low,9,name.com,,,14/08/2026 00:30
06326fb2-7d5f-44e9-a7ce-eb8e8f100fd7,rowdy.auction,available,4.99,52.99,high,low,5,name.com,,,11/08/2026 08:44
42e9fcb6-b5d7-433f-8327-45912ceeae75,vocabulary.auction,available,3.09,29.35,high,low,10,porkbun,,,28/09/2026 14:42
aef74ea1-5088-4dc5-83d5-4cdb57d176c8,alcyone.auction,available,4.99,52.99,medium,low,7,name.com,,,20/08/2026 22:22
cfaef88f-77a2-4e7d-a7ac-6af37f2c0476,archil.auction,available,38.98,46.98,medium,low,6,namecheap,,,20/09/2026 02:06
096fd675-5077-4d22-afd3-01b157c3e5b9,collarbone.auction,available,4.99,,medium,low,11,name.com,,,
cdb6485e-af13-4ebc-915a-3601d1624d77,informative.auction,available,29.18,29.18,high,low,11,spaceship,,,01/10/2026 21:44
726be170-2009-4a92-bf1d-5c5c08facaef,conventional.auction,available,38.98,46.98,medium,low,12,namecheap,,,28/09/2026 11:12
163e7d81-d061-4e94-ba3d-8a898ccb21b3,doctorate.auction,available,29.18,29.18,high,low,9,spaceship,,,30/09/2026 17:00
625024e8-1ec0-46b9-9e44-3fa5d47cffa8,leaded.auction,available,4.99,52.99,medium,low,6,name.com,,,22/08/2026 21:42
5fa12078-f9d8-4957-870a-05b7245a7ddb,frictional.auction,available,4.99,52.99,medium,low,10,name.com,,,18/08/2026 15:28
adcb8744-ccc5-4191-9001-d0cf7382a9ef,trondheim.auction,available,38.98,46.98,high,low,9,namecheap,,,29/09/2026 13:33
45ac12a1-eba0-46b6-a64b-90405fe97b9e,worst.auction,available,28.2,28.2,medium,low,5,cloudflare,,,28/09/2026 10:59
85c24ae7-e87b-48d9-936c-eb6cadf8609a,seriously.auction,available,36.99,36.99,medium,low,9,namesilo,,,28/09/2026 13:17
ed922a98-9b33-4375-81db-b14540bf03c1,trouble.auction,available,36.99,36.99,high,low,7,namesilo,,,24/09/2026 07:29
439789c5-81bc-46a5-8e8c-1f824616ff7a,acned.auction,available,4.99,52.99,low,low,5,name.com,,,
4451aefa-fb4e-47d9-8637-194a19d666b2,quiescent.auction,available,38.98,46.98,medium,low,9,namecheap,,,09/09/2026 08:47
73305f0f-b63a-40f9-8bf0-351935577a4e,loyalty.auction,available,4.99,52.99,high,low,7,name.com,,,18/09/2026 10:32
c1d181c1-6ec4-4922-a50f-8d5b50821772,ribbons.auction,available,36.99,36.99,medium,low,7,namesilo,,,20/09/2026 07:05
9e3bfdd1-4ea2-4845-8b68-054cb7b07752,accurately.auction,available,36.99,36.99,high,low,10,namesilo,,,28/09/2026 11:42
852762d3-c5eb-4701-aff1-e587f1d5047d,frontier.auction,available,36.99,36.99,high,medium,8,namesilo,,,28/09/2026 09:50
b0c051e7-9c15-4053-8977-a938e3181501,acinose.auction,available,4.99,52.99,medium,low,7,name.com,,,
d36e9816-7330-421b-acf5-8ce469e1f076,annotated.auction,available,36.99,36.99,high,low,9,namesilo,,,02/10/2026 01:13
2ee6418e-1a15-4768-ae0c-4b974af37543,catholic.auction,available,4.99,52.99,high,low,8,name.com,,,11/08/2026 22:01
eeb21c5c-04cc-4bae-9061-25c0d125027c,rabbi.auction,available,29.18,29.18,high,low,5,spaceship,,,28/09/2026 15:11
d0d091a0-bb9d-4233-879a-740cd0f057f4,amanuensis.auction,available,36.99,36.99,medium,low,10,namesilo,,,18/09/2026 15:49
d2e9e588-63e4-4ab7-82d4-83030f082dbd,confuse.auction,available,3.09,29.35,high,low,7,porkbun,,,30/09/2026 15:38
c0276bae-9d36-4520-afa7-415565b9ecae,unredeemed.auction,available,38.98,46.98,medium,low,10,namecheap,,,12/09/2026 17:55
66e6b98e-9e93-4bae-a3a8-67d51feaf2b3,presents.auction,available,4.99,52.99,high,low,8,name.com,,,08/09/2026 04:30
55f360d7-580f-43a5-b10b-8f26752de0f2,sinuous.auction,available,36.99,36.99,medium,low,7,namesilo,,,10/09/2026 08:38
b8764820-acc9-4441-8c44-ef190b3bf2db,guadalajara.auction,premium,,,medium,low,11,,,,28/09/2026 07:53
7261be74-6914-47e1-9b6a-c166412b184a,jamie.auction,available,38.98,46.98,high,low,5,namecheap,,,25/09/2026 17:50
6221ca12-ddea-448e-8384-f5e42e04b02f,carnal.auction,available,4.99,52.99,high,low,6,name.com,,,
4bcc55fa-b2fb-4f52-84df-c4f1f6704aad,butt.auction,available,4.99,52.99,medium,low,4,name.com,,,09/08/2026 10:40
3cc87b03-56b3-48c0-88e7-a49b527d1b02,posed.auction,available,36.99,36.99,high,low,5,namesilo,,,09/09/2026 00:04
cb25c7bb-1622-4a50-b712-a4467c7d648d,prostate.auction,available,4.99,52.99,high,low,8,name.com,,,09/09/2026 03:47
d43a2261-8429-42a1-ba50-b326e6ecd6e7,buff.auction,available,4.99,52.99,high,low,4,name.com,,,11/08/2026 07:48
cd0041ef-8289-4854-a5bd-710433fcc32b,clot.auction,available,4.99,52.99,medium,low,4,name.com,,,12/08/2026 13:36
14b77648-e356-4f82-8f87-52d5d1869ef1,meditation.auction,available,29.18,29.18,high,low,10,spaceship,,,29/09/2026 07:35
b8da32cb-cf3b-4d8d-85b9-204b0cab5b83,stride.auction,available,3.09,29.35,high,low,6,porkbun,,,29/09/2026 08:09
67184c8d-7caa-4499-a67d-f4bc79bc7f44,changeless.auction,available,4.99,52.99,medium,low,10,name.com,,,12/08/2026 01:58
23149824-4dbc-4db8-bf95-86f0d2d15c01,unmade.auction,available,36.99,36.99,medium,low,6,namesilo,,,12/09/2026 15:15
3c00919c-e03c-4450-a624-5ac9809b14e0,felted.auction,available,4.99,52.99,medium,low,6,name.com,,,18/08/2026 01:00
b02805a4-fdc7-44d8-895e-33270ea583c5,axil.auction,available,36.99,36.99,high,low,4,namesilo,,,21/09/2026 10:22
2a4a541a-41e9-4a9d-9b60-5569fc04552d,planes.auction,premium,260,260,high,low,6,namecheap,,,17/09/2026 03:50
8ec59912-4535-4157-8e68-dbdf607f1a41,floodlit.auction,available,4.99,52.99,medium,low,8,name.com,,,18/08/2026 08:47
bfee8ec0-edfd-44f5-9292-5a0a9af3fa8d,decorating.auction,available,29.18,29.18,high,low,10,spaceship,,,30/09/2026 04:09
3be6641b-f0cf-4a18-b227-7b05b5750efe,burt.auction,available,38.98,46.98,medium,low,4,namecheap,,,25/09/2026 03:54
08802935-d050-4ff4-ae09-6812c0478fda,cleave.auction,available,36.99,36.99,medium,low,6,namesilo,,,24/09/2026 15:43
4f65c309-73de-4c46-8af9-9117e5e649e5,beltway.auction,available,36.99,36.99,high,low,7,namesilo,,,23/09/2026 07:15
342b5730-fe27-4a11-b3a9-118d52cbbe40,dijon.auction,available,36.99,36.99,high,low,5,namesilo,,,24/09/2026 22:19
555790bb-f9bb-4d8a-9b5e-7b472fdd81d5,perturb.auction,available,36.99,36.99,medium,low,7,namesilo,,,24/09/2026 22:49
5a29f8c5-9aa5-4c18-9c9c-14e156ad38e3,decreasing.auction,available,4.99,52.99,medium,low,10,name.com,,,13/08/2026 22:12
f8bd7ffd-e232-44b3-840f-ba0124d9e41e,campbell.auction,available,38.98,46.98,high,low,8,namecheap,,,24/09/2026 11:53
4be9968c-3ecb-4958-95a4-f69b40481d8e,translate.auction,available,3,30.18,high,low,9,dynadot,,,28/09/2026 06:59
df7665c0-699f-4f91-abea-46f3b84b4590,bronze.auction,available,38.98,46.98,high,low,6,namecheap,,,23/09/2026 09:58
b52f3691-347e-4182-91b2-fc991c51257e,vertical.auction,available,36.99,36.99,high,low,8,namesilo,,,24/09/2026 14:52
1570ee6d-f445-44e3-a2e2-bc815eb5431b,catches.auction,available,29.18,29.18,medium,low,7,spaceship,,,28/09/2026 04:27
3d539f1d-96f7-430d-b3dc-fd9555a50d0a,vehicular.auction,available,36.99,36.99,medium,low,9,namesilo,,,13/09/2026 01:48
177972bd-d841-4c1a-af5a-06e7420ca204,penrose.auction,available,38.98,46.98,medium,low,7,namecheap,,,29/09/2026 04:22
ea10fcf2-bc44-4270-9670-ba55bc93dff2,sexiness.auction,available,4.99,52.99,high,low,8,name.com,,,18/09/2026 16:14
a5eb86f4-a587-4cad-a108-351dbb093125,sargent.auction,available,36.99,36.99,medium,low,7,namesilo,,,27/09/2026 04:36
4aa81a20-78c6-47e6-bfde-c242c745c8bc,stink.auction,available,28.2,28.2,high,low,5,cloudflare,,,29/09/2026 19:15
98391851-929b-4704-b174-95c3e8740967,mahmud.auction,available,36.99,36.99,medium,low,6,namesilo,,,28/09/2026 22:18
2ca08283-c79e-411c-b70b-649a3e45beed,walton.auction,available,38.98,46.98,high,low,6,namecheap,,,25/09/2026 05:07
a9152f4a-615c-4bdb-bdd5-8454872b2f1c,sonant.auction,available,4.99,52.99,medium,low,6,name.com,,,10/09/2026 14:08
9428a001-ad94-412b-b371-aa2a91c154b4,stripper.auction,available,36.99,36.99,high,low,8,namesilo,,,29/09/2026 06:42
eb6f7893-f932-44cf-bf70-989870142430,enacted.auction,available,38.98,46.98,medium,low,7,namecheap,,,01/10/2026 15:52
5a74573e-cf04-4fc7-babf-344f50af0569,braithwaite.auction,available,29.18,29.18,medium,low,11,spaceship,,,02/10/2026 00:44
0075a58a-829b-41bf-b108-1d31de470567,juanita.auction,available,29.18,29.18,medium,low,7,spaceship,,,30/09/2026 04:54
f52a1d1b-7b4c-457d-b5ad-14483738ee92,kimberley.auction,available,36.99,36.99,medium,low,9,namesilo,,,28/09/2026 19:38
785643e8-6d63-43f2-a7bd-052321c24631,follower.auction,available,28.2,28.2,high,low,8,cloudflare,,,29/09/2026 19:39
b31d5a61-1c80-44d9-b35e-9e97d8979db9,biting.auction,available,4.99,52.99,medium,low,6,name.com,,,08/08/2026 16:41
3a83831b-ec0b-44be-b6a3-2ce5e234e0ff,brabant.auction,available,28.2,28.2,high,low,7,cloudflare,,,29/09/2026 08:28
e600a182-eeea-493e-80b6-dc35d32ca7ce,perak.auction,available,36.99,36.99,medium,low,5,namesilo,,,01/10/2026 07:56
f0e20caa-1317-44fb-9095-831ccb8dfbd7,adaxial.auction,available,4.99,52.99,medium,low,7,name.com,,,
000d1861-bb90-47d2-b377-e694dfc3d107,abaya.auction,available,36.99,36.99,medium,low,5,namesilo,,,16/09/2026 14:18
42728e41-b1fc-4a09-8189-bbec589cc111,merit.auction,available,29.18,29.18,high,low,5,spaceship,,,29/09/2026 14:06
cc335fac-6894-44cf-8fc6-0e9a12b724be,underclass.auction,available,4.99,52.99,medium,low,10,name.com,,,12/09/2026 07:22
ef48eb7d-14d9-4f21-8644-ef63f2f0d442,passionate.auction,available,36.99,36.99,high,low,10,namesilo,,,27/09/2026 02:53
df64bf59-eedc-4cc9-9445-8487f6a2a94d,daniel.auction,available,3.09,29.35,high,medium,6,porkbun,,,29/09/2026 03:26
e458761d-ca82-45d8-abd0-e1237a8c8328,comparably.auction,available,36.99,36.99,medium,low,10,namesilo,,,14/09/2026 07:37
3a66f3b0-d04d-4d40-912d-1c2754994225,proofs.auction,available,38.98,46.98,medium,low,6,namecheap,,,18/09/2026 06:55
4b6a561a-7d74-4df9-a4ab-104188ed41db,aug.auction,available,,,high,low,3,,,,
54f08895-0b09-42f5-8b10-56c1ea088a4e,contagious.auction,available,4.99,52.99,high,low,10,name.com,,,11/08/2026 21:18
1ce54c3b-6415-4d43-b854-62d763d881ac,sewn.auction,available,36.99,36.99,medium,low,4,namesilo,,,10/09/2026 05:07
d475599c-3a09-4772-a58d-378ee761e647,elias.auction,available,4.99,,high,low,5,name.com,,,
a7f10987-500b-46c3-8d4d-8db341f5c72c,inspirational.auction,available,36.99,36.99,high,low,13,namesilo,,,01/10/2026 23:48
67604dd1-059a-4025-9815-d733e08ce647,similitude.auction,available,36.99,36.99,medium,low,10,namesilo,,,18/09/2026 07:51
d8c86720-ea70-4793-b7ea-c69372c5ac8e,beograd.auction,available,36.99,36.99,high,low,7,namesilo,,,23/09/2026 05:12
7c6dc5e2-3149-4a50-b63b-399b17f93d17,laborer.auction,available,36.99,36.99,high,low,7,namesilo,,,30/09/2026 01:52
9fb9e51f-fabc-4070-8684-4c668ecf0ca8,extermination.auction,available,36.99,36.99,medium,low,13,namesilo,,,29/09/2026 23:26
d9eb170a-d742-4201-8c6f-8b2697477a82,ran.auction,available,36.99,36.99,high,low,3,namesilo,,,25/09/2026 12:35
f7d02300-3d5c-4a00-897f-9b00b7cdc973,booklist.auction,available,3,30.18,high,low,8,dynadot,,,02/10/2026 03:01
37c8008d-034d-4b0d-bc48-f0928d5e3003,aubrey.auction,available,36.99,36.99,high,low,6,namesilo,,,27/09/2026 07:41
75c1d5b7-80b2-42c6-80f3-098589787a85,case.auction,available,36.99,36.99,high,low,4,namesilo,,,29/09/2026 07:33
d13d3113-1c7b-4adc-8be4-4ecf879a9959,whopping.auction,available,4.99,52.99,medium,low,8,name.com,,,08/08/2026 13:14
d254ef61-f511-4f16-b581-7744434bf67c,thumbs.auction,available,36.99,36.99,medium,low,6,namesilo,,,18/09/2026 14:13
381cb037-5d16-4202-880a-d9a1f24de4c7,tse.auction,available,36.99,36.99,high,low,3,namesilo,,,29/09/2026 09:12
31df0347-722a-42ed-99bf-8c0543c0572d,meshugga.auction,available,4.99,52.99,low,low,8,name.com,,,24/08/2026 21:04
e1f4b7d7-6b73-48ae-88d3-3fe1effecd0a,ying.auction,available,36.99,36.99,medium,low,4,namesilo,,,28/09/2026 11:38
2abaeb0a-ecfd-4b27-ae8d-401db17ac8a3,exacting.auction,available,4.99,52.99,medium,low,8,name.com,,,17/08/2026 15:32
dae59e54-94e7-47f0-9dba-86cc6460fbe4,titulary.auction,available,4.99,52.99,medium,low,8,name.com,,,11/09/2026 16:34
5a370aae-52ff-4b53-a76a-b51b403d6dc8,qin.auction,available,36.99,36.99,medium,low,3,namesilo,,,28/09/2026 13:41
ee2db5ec-a37e-430d-9ed6-3deb16770a35,fractured.auction,available,36.99,36.99,medium,low,9,namesilo,,,28/09/2026 11:38
b64f14c6-d36a-4c18-9e2b-8cd353b81c77,wheat.auction,available,36.99,36.99,high,low,5,namesilo,,,28/09/2026 06:34
2bc01f9c-3dbc-4023-b584-e114f631920f,actable.auction,available,4.99,52.99,medium,low,7,name.com,,,
0c425154-a20d-4091-97df-fb1c30a87955,auspices.auction,available,36.99,36.99,medium,low,8,namesilo,,,17/09/2026 12:16
925b0813-690e-4ec1-a760-d5ded9507162,polar.auction,available,4.99,52.99,high,low,5,name.com,,,18/08/2026 21:06
7a7c29cc-f603-4c60-bf2a-4ec06ee688fa,emc.auction,available,29.18,29.18,high,low,3,spaceship,,,01/10/2026 16:30
1b9ecb9b-7ee6-4383-aed5-8d3707f6048b,ardennes.auction,available,36.99,36.99,medium,low,8,namesilo,,,20/09/2026 03:09
dc0f9e26-8e1b-4db2-b3a0-f631151f39bf,tobias.auction,available,4.99,52.99,high,low,6,name.com,,,27/09/2026 07:33
24858e72-0557-4afe-b941-3ce25536682c,countess.auction,available,29.18,29.18,high,low,8,spaceship,,,28/09/2026 13:48
1a154dd7-ec3c-4004-8d27-4c33f8d52e8f,semisoft.auction,available,36.99,36.99,medium,low,8,namesilo,,,10/09/2026 03:24
43f0c835-303e-4ca9-8de9-58cbde5cd0cb,soule.auction,available,29.18,29.18,medium,low,5,spaceship,,,30/09/2026 20:15
bbb0d7c1-75bb-4231-b173-563965870be1,ardor.auction,available,36.99,36.99,high,low,5,namesilo,,,20/09/2026 03:15
5944e917-8333-45ba-a0b4-5ab784e8c658,mailed.auction,available,4.99,52.99,high,low,6,name.com,,,24/08/2026 13:18
5bb15c7c-f0b8-4ca2-b7de-d8d783a72ba0,captious.auction,available,4.99,52.99,medium,low,8,name.com,,,11/08/2026 18:18
fdd2d517-4eb1-4704-94e7-1debc4a03cf4,mods.auction,available,29.18,29.18,high,low,4,spaceship,,,30/09/2026 04:53
27cbc484-1f27-496e-8800-81f900446dba,cheetah.auction,available,36.99,36.99,high,low,7,namesilo,,,17/09/2026 01:33
0481bd3f-da91-4cf2-88f3-62a1d057e335,ethel.auction,available,29.18,29.18,high,low,5,spaceship,,,28/09/2026 07:21
c7a07a44-a4ef-4fed-943d-a1c7823af1ef,two.auction,available,29.18,29.18,high,low,3,spaceship,,,01/10/2026 20:17
a508aa69-eef0-421f-a1da-be577379ec26,nodded.auction,available,38.98,46.98,medium,low,6,namecheap,,,18/09/2026 03:34
684d81d6-69db-4556-a494-59f92d090233,lapp.auction,available,36.99,36.99,medium,low,4,namesilo,,,19/09/2026 15:44
f27a2659-fcd2-4b5a-9624-59dd8a3024d8,lacing.auction,available,36.99,36.99,medium,low,6,namesilo,,,13/09/2026 11:13
642faefa-1f06-40f8-811f-792210d8bb1a,elements.auction,premium,,,high,low,8,,,,28/09/2026 01:50
2ce2540c-8ac6-49b1-acdc-798753b2661c,yvonne.auction,available,38.98,46.98,high,low,6,namecheap,,,28/09/2026 03:58
0af6bcbf-d977-4d1c-8378-fe1bfdac09e2,paulina.auction,available,3.09,29.35,high,low,7,porkbun,,,30/09/2026 20:13
f3411c2c-f2a4-4bd6-8130-894459d7c387,tricks.auction,available,38.98,46.98,medium,low,6,namecheap,,,25/09/2026 17:54
404fec73-ae23-4591-9866-acc63d3d45e4,withdrawing.auction,available,38.98,46.98,medium,low,11,namecheap,,,29/09/2026 21:24
ec30acb1-fc1c-454a-aa67-d88bb927877d,grammar.auction,available,3,30.18,high,low,7,dynadot,,,29/09/2026 21:08
c6e5c6b4-368d-458a-ada6-b44ac76d85c7,bounty.auction,available,36.99,36.99,high,low,6,namesilo,,,24/09/2026 07:35
d606041d-184d-4d58-a9fc-2d69ebb6038a,clashing.auction,available,4.99,52.99,medium,low,8,name.com,,,12/08/2026 09:40
337bb1f9-9aac-4f62-94eb-c0cadec0683b,contaminated.auction,available,28.2,28.2,medium,low,12,cloudflare,,,01/10/2026 23:21
93f3bcb0-4366-4bc9-95b7-f5a05f9a64d1,author.auction,available,36.99,36.99,high,low,6,namesilo,,,21/09/2026 05:09
6bf5275e-549f-4fe4-9fdd-4b356921066f,tunes.auction,available,29.18,29.18,medium,low,5,spaceship,,,28/09/2026 18:03
f17b26df-8fc6-420d-98b9-8f3c4afa7420,businesslike.auction,available,36.99,36.99,medium,low,12,namesilo,,,29/09/2026 02:32
16a177a6-56f7-4f85-a29e-5172742f015c,poking.auction,available,29.18,29.18,high,low,6,spaceship,,,30/09/2026 10:17
eb1f2d1a-91e6-4aa6-a9fd-a5e18c969a05,silvio.auction,available,36.99,36.99,medium,low,6,namesilo,,,30/09/2026 00:38
fffe3d78-1da6-40c1-bd76-2e9f5d83b451,answers.auction,available,38.98,46.98,medium,low,7,namecheap,,,25/09/2026 18:18
032744c7-9a87-4556-920f-14be9c69e6ea,gratefully.auction,available,38.98,46.98,medium,low,10,namecheap,,,13/09/2026 20:28
459fb86a-4e2f-42f1-bc09-8c7c9fcf553a,covered.auction,available,38.98,46.98,high,low,7,namecheap,,,24/09/2026 00:50
16c99237-b55c-4c3b-ace1-72dc26a38452,obamacare.auction,available,4.99,,medium,low,10,name.com,,,
fe41c4ef-033b-4720-869e-866ebc5a5713,proper.auction,available,38.98,46.98,high,low,6,namecheap,,,27/09/2026 07:40
f7280c1d-8a8d-4e5f-a5f2-c2ba4320899c,spaceman.auction,available,38.98,46.98,high,low,8,namecheap,,,20/09/2026 17:58
62609fc0-6016-43f6-a364-8dbb9f50fec3,cod.auction,premium,260,260,high,low,3,namecheap,,,23/09/2026 14:56
a9935e0d-dd88-4bb1-974f-59aba3a21a31,anabaptist.auction,available,36.99,36.99,medium,low,10,namesilo,,,19/09/2026 00:49
420880d8-28a7-4d33-8d12-3fe44e01553e,basilicata.auction,available,36.99,36.99,medium,low,10,namesilo,,,22/09/2026 10:50
84fc9cd6-41dc-4a42-9762-82d641b6bdd1,vines.auction,available,36.99,36.99,medium,low,5,namesilo,,,29/09/2026 23:04
06591061-ee44-4028-976a-303cc460de98,pussy.auction,available,36.99,36.99,high,medium,5,namesilo,,,27/09/2026 08:37
bae5fbac-23dc-434f-b485-d16c0c3b3a29,assassinate.auction,available,29.18,29.18,medium,low,11,spaceship,,,30/09/2026 19:24
d1d7a640-4d38-414f-a298-f3a8ab954d3d,systemic.auction,available,36.99,36.99,high,low,8,namesilo,,,11/09/2026 06:46
d52549f8-8192-4812-a51f-f602efae8032,folklore.auction,available,36.99,36.99,high,low,8,namesilo,,,30/09/2026 01:40
9bab9350-0a5a-4fac-b24c-453a135402f9,ascendency.auction,available,36.99,36.99,high,low,10,namesilo,,,20/09/2026 13:06
9855d517-7e57-4c0d-8b38-eb61aa749d22,pairs.auction,available,36.99,36.99,medium,low,5,namesilo,,,16/09/2026 14:58
e75cc496-9e35-4639-8708-c018d3104ba2,mansfield.auction,available,36.99,36.99,medium,low,9,namesilo,,,25/09/2026 08:08
e8beb9ca-f9ce-4e22-af2c-15e9bf401b7a,corroded.auction,available,4.99,52.99,medium,low,8,name.com,,,13/08/2026 02:05
0f02c2c2-020d-465f-b846-d2ba34ce51b5,chthonian.auction,available,4.99,52.99,medium,low,9,name.com,,,12/08/2026 07:26
bfb7e6d2-535c-4098-b622-d20460357932,oaten.auction,available,36.99,36.99,medium,low,5,namesilo,,,03/09/2026 23:28
c802d816-5f54-43fd-9af6-affd9e863803,leavened.auction,available,4.99,52.99,medium,low,8,name.com,,,22/08/2026 22:13
f5406234-68f5-4459-9fa5-e98a9e00f8e3,mattie.auction,available,29.18,29.18,high,low,6,spaceship,,,30/09/2026 04:29
e41818da-6627-4572-b75d-4c5d966c5f37,decelerate.auction,available,36.99,36.99,medium,low,10,namesilo,,,10/09/2026 11:21
8325c74a-7349-4218-98c8-d25bb963913d,nimbly.auction,available,38.98,46.98,medium,low,6,namecheap,,,13/09/2026 18:18
6bcf7252-390f-49d6-ba84-ca507c40ee69,stampede.auction,available,38.98,46.98,high,low,8,namecheap,,,30/09/2026 11:05
15cf5568-fb8c-4354-bc25-4ef157babcbe,politely.auction,available,28.2,28.2,medium,low,8,cloudflare,,,28/09/2026 14:24
0e87c930-6ea8-4d18-ab16-abec061b6780,esters.auction,available,36.99,36.99,low,low,6,namesilo,,,28/09/2026 13:25
3f7e6b74-7b96-4a2e-8c1a-0fc7fd2af46e,medial.auction,available,4.99,52.99,high,low,6,name.com,,,24/08/2026 18:51
a4e4be8e-7d09-45fc-b00d-d62552c50839,begotten.auction,available,4.99,52.99,medium,low,8,name.com,,,09/08/2026 09:11
f7f04182-2644-45d9-9cd6-498e9f13dadb,cement.auction,available,36.99,36.99,high,low,6,namesilo,,,29/09/2026 07:46
1c035c10-dced-496f-9f62-78a9b199b161,shorten.auction,available,29.18,29.18,high,low,7,spaceship,,,30/09/2026 19:09
0a3e2d6f-3505-416d-9055-4d32b61e2467,settlers.auction,available,36.99,36.99,medium,low,8,namesilo,,,30/09/2026 06:58
075d144a-fe73-4a32-9d94-0c6b7200f05e,ancestors.auction,available,28.2,28.2,medium,low,9,cloudflare,,,28/09/2026 08:45
9dbe5753-f0d6-4bb7-89fd-d70f6b640576,pogge.auction,available,38.98,46.98,medium,low,5,namecheap,,,17/09/2026 19:01
0c614a0d-3b69-4e09-8916-8f066c9eb032,attrition.auction,available,36.99,36.99,medium,low,9,namesilo,,,21/09/2026 02:20
3c21927b-6105-44c2-8673-d653372f6257,apanage.auction,available,36.99,36.99,medium,low,7,namesilo,,,19/09/2026 16:12
f18ef403-4455-4c83-8c3f-968eecde8856,caddish.auction,available,4.99,52.99,low,low,7,name.com,,,11/08/2026 12:43
3902ddf5-9aeb-4822-9fe7-0ad641021ac1,baritone.auction,available,4.99,52.99,medium,low,8,name.com,,,08/08/2026 19:36
cf4ebab1-d3ac-4d9c-9786-722f12f0c645,gregg.auction,available,4.99,,high,low,5,name.com,,,
821007b2-549d-4c87-8d08-65679cf26184,continual.auction,available,36.99,36.99,high,low,9,namesilo,,,23/09/2026 22:10
d8feb145-dbbb-4856-930c-443d46d5bcce,sorbonne.auction,available,28.2,28.2,medium,low,8,cloudflare,,,28/09/2026 20:07
eb52980c-b121-49c9-b89b-847b63821fe6,decreased.auction,available,4.99,52.99,medium,low,9,name.com,,,13/08/2026 22:08
92ca1839-180e-4c9b-bd46-a4ca08ce7c3b,muhammad.auction,available,3,30.18,medium,low,8,dynadot,,,28/09/2026 13:59
44a9245b-7bd8-4d54-9f8f-c23ba90e0eef,hamer.auction,available,3,30.18,high,low,5,dynadot,,,01/10/2026 07:09
3df8c602-7f07-4238-a05c-cb0b253ebb3b,septuple.auction,available,36.99,36.99,medium,low,8,namesilo,,,10/09/2026 04:23
13fd359c-7d58-47d5-b00b-9512bc9e436b,ukrainian.auction,available,36.99,36.99,high,low,9,namesilo,,,11/09/2026 22:41
2034b3f2-8e80-4538-b107-2b0176e818e8,denise.auction,available,36.99,36.99,medium,low,6,namesilo,,,25/09/2026 14:19
331437ff-5b4c-4d5b-8488-8a81d2c018d4,wyeth.auction,available,36.99,36.99,medium,low,5,namesilo,,,19/09/2026 04:48
50928dee-a0e8-49bd-b233-19303225bb3b,pallid.auction,available,36.99,36.99,medium,low,6,namesilo,,,04/09/2026 23:51
3e3f9b0c-4cf2-4f5a-a568-9a3afabf2df0,bracelets.auction,available,3,30.18,medium,low,9,dynadot,,,02/10/2026 03:38
5ea1a736-8536-4070-9ec7-7671f5120e9d,arsine.auction,available,36.99,36.99,medium,low,6,namesilo,,,20/09/2026 09:42
1b47691e-438d-4465-afb9-fcf7be1919a2,gst.auction,available,29.18,29.18,medium,low,3,spaceship,,,30/09/2026 23:01
307e6e8f-3fb6-4978-bc7e-152d199e7171,whistle.auction,available,36.99,36.99,high,low,7,namesilo,,,25/09/2026 23:59
c9aa0946-af5e-47cf-b2e2-70279c866bc4,machine.auction,premium,102.67,102.67,high,low,7,spaceship,,,30/09/2026 09:36
1f743915-ce56-4e7e-bb56-a028378c02d6,cook.auction,available,36.99,36.99,high,low,4,namesilo,,,27/09/2026 10:07
abdad1d6-ee44-4aee-af75-2124eef279d1,unsaved.auction,available,38.98,46.98,medium,low,7,namecheap,,,12/09/2026 17:57
705b3541-480f-48fb-8cc6-7a19996df6f6,tuesday.auction,available,36.99,36.99,high,low,7,namesilo,,,30/09/2026 14:02
8f950178-3062-496e-affc-90d706c7ce23,migration.auction,available,3,30.18,high,low,9,dynadot,,,29/09/2026 19:39
0fed98ae-0570-49dc-a32f-2448cb0d122b,charabanc.auction,available,36.99,36.99,medium,low,9,namesilo,,,21/09/2026 05:58
322b4c69-ed07-4a93-bd9b-a4d6f5869559,laughter.auction,available,36.99,36.99,high,low,8,namesilo,,,30/09/2026 02:09
307e7566-4de0-40f5-a2b9-6866cd393c19,felon.auction,available,4.99,52.99,medium,low,5,name.com,,,13/08/2026 06:25
9f4755bc-6b4b-4f85-a5af-86dd43bd09c3,afield.auction,available,38.98,46.98,medium,low,6,namecheap,,,13/09/2026 17:59
c2964572-53a5-4950-83ea-e95edcd1c4a7,fireman.auction,available,29.18,29.18,high,low,7,spaceship,,,29/09/2026 06:56
71f2e213-d3d0-4f61-b2b8-bec2c0138466,frankel.auction,available,36.99,36.99,medium,low,7,namesilo,,,29/09/2026 15:47
adee8b3b-e3f4-4704-8107-618247d6abd2,ozone.auction,available,36.99,36.99,high,low,5,namesilo,,,29/09/2026 07:48
f7ba24f6-5b9c-4a4e-878b-7b2eb740f3e4,rules.auction,available,4.99,,high,low,5,name.com,,,
c0fee499-ee2e-4d3d-a41a-9dcf96b205f9,videos.auction,premium,1100,1100,medium,low,6,dynadot,,,30/09/2026 13:36
9d32c2eb-0d9f-48a9-8058-5d4d4ac82e67,aga.auction,available,36.99,36.99,high,low,3,namesilo,,,17/09/2026 15:58
f62eff52-e285-4b94-93b3-519f0ff471e8,suspects.auction,available,36.99,36.99,medium,low,8,namesilo,,,27/09/2026 03:17
763104fa-3bf3-4bab-b2b3-8df6c1ed8ecb,budapest.auction,premium,108.9,108.9,high,low,8,dynadot,,,29/09/2026 11:48
aa6842c1-06ee-49a2-a96a-443a31e13bfb,latticed.auction,available,4.99,52.99,medium,low,8,name.com,,,22/08/2026 08:06
f24f00ef-c93e-4d58-b22f-17ab80217304,musa.auction,available,28.2,28.2,high,low,4,cloudflare,,,28/09/2026 05:49
02599498-a970-49f0-89b2-cb9493bac1de,uniate.auction,available,36.99,36.99,medium,low,6,namesilo,,,12/09/2026 12:42
b034c319-ec4e-458a-b64b-44359870c35c,airmailer.auction,available,36.99,36.99,medium,low,9,namesilo,,,17/09/2026 23:15
fce65b71-b3c2-420a-ada3-8d945567b39b,kinshasa.auction,available,36.99,36.99,high,low,8,namesilo,,,01/10/2026 02:48
2c670d5a-da0d-4aa4-8cca-cd7746517285,neodymium.auction,available,38.98,46.98,high,low,9,namecheap,,,20/09/2026 23:22
0c9407a8-5d48-4756-883f-e5b3ffe072ba,laureate.auction,available,4.99,52.99,high,low,8,name.com,,,22/08/2026 20:57
3bcf3794-a541-43ae-9ea3-3df6b8dad998,menopause.auction,available,29.18,29.18,high,low,9,spaceship,,,30/09/2026 16:40
88a3a6bd-c8aa-4582-ac7a-c368d3a0f884,idempotent.auction,available,4.99,52.99,medium,low,10,name.com,,,21/08/2026 18:03
18cfbdfa-fe29-4b9b-ba5b-7cea2bcf2045,food.auction,premium,1035.2,1035.2,high,medium,4,spaceship,,,01/10/2026 22:52
7b81b662-30e5-4a60-ac56-7f1435ec93f6,opera.auction,available,29.18,29.18,high,low,5,spaceship,,,01/10/2026 18:48
c7d963cb-0c00-4c4a-b982-09736898d2a7,coffeecakes.auction,available,36.99,36.99,medium,low,11,namesilo,,,21/09/2026 00:59
6d51198f-5fc3-49fb-a080-cc85a25a4f75,unchained.auction,available,36.99,36.99,high,low,9,namesilo,,,12/09/2026 04:54
07046cc7-1259-4c68-b6a2-5ddf658909c8,wines.auction,available,36.99,36.99,high,low,5,namesilo,,,18/09/2026 10:23
082667e7-c7b2-4b0c-8242-4e0d8319ec9e,athyrium.auction,available,38.98,46.98,medium,low,8,namecheap,,,20/09/2026 21:22
1d502251-b9de-4a70-8604-6ffade9c9ffc,gorgeous.auction,available,36.99,36.99,high,low,8,namesilo,,,24/09/2026 22:48
4df4c67b-b99a-4a30-8268-1e176e772fec,hus.auction,available,36.99,36.99,high,low,3,namesilo,,,30/09/2026 10:11
5901c337-f5c7-484f-a056-076fb7c2b51b,rounding.auction,available,36.99,36.99,high,low,8,namesilo,,,29/09/2026 13:53
757660df-68f4-46d0-8001-ace01c3a7a84,mussy.auction,available,4.99,52.99,medium,low,5,name.com,,,24/08/2026 21:24
41f4f6e2-9f6e-4f73-844d-512a56a7f647,beatnik.auction,available,36.99,36.99,high,low,7,namesilo,,,22/09/2026 21:43
8a7271f0-8a0c-4b0a-abcf-fa2243d8b0f1,betrayed.auction,available,4.99,52.99,medium,low,8,name.com,,,26/09/2026 03:08
e15fcd01-5b5d-4f55-a9c2-3863de0e6dbb,forearm.auction,available,36.99,36.99,high,low,7,namesilo,,,30/09/2026 01:41
ae7ec450-31d9-462c-90d1-2b102bf30f30,paramedics.auction,available,29.18,29.18,medium,low,10,spaceship,,,30/09/2026 00:40
9ee24f31-ae16-45dc-a016-7a5b47936445,armature.auction,available,36.99,36.99,medium,low,8,namesilo,,,20/09/2026 06:32
0fbccb83-3097-4856-bad9-9cd954518e98,chordal.auction,available,4.99,52.99,medium,low,7,name.com,,,12/08/2026 07:06
bf08afd4-414e-4b32-ac9e-56b426f4379f,agrimonia.auction,available,38.98,46.98,medium,low,9,namecheap,,,17/09/2026 19:28
c47c0d90-c207-4acd-9b33-4dbb6572859d,cooperating.auction,available,28.2,28.2,medium,low,11,cloudflare,,,30/09/2026 07:38
78dee14a-df97-4d83-8d6d-b1fc3ad93d26,training.auction,available,28.2,28.2,high,low,8,cloudflare,,,29/09/2026 06:10
957795cb-b608-49fb-a411-34c2596ad3b5,injectable.auction,available,4.99,52.99,high,low,10,name.com,,,22/08/2026 05:36
18cfd290-41db-4f52-9675-5d58199d086a,usernames.auction,available,38.98,46.98,medium,low,9,namecheap,,,20/09/2026 06:18
5776c857-a923-48b5-beac-a71f3b401d27,metier.auction,available,4.99,52.99,high,low,6,name.com,,,18/08/2026 12:29
32c7851f-c92a-45fc-92f7-7f0c87e6f4cd,fsb.auction,available,36.99,36.99,high,low,3,namesilo,,,30/09/2026 17:18
44087502-3e64-4eaa-b0db-5b271c09dd02,tactual.auction,available,4.99,52.99,medium,low,7,name.com,,,21/08/2026 00:04
f247cfc3-3f56-4e39-8025-9f633ad464f4,risky.auction,available,4.99,52.99,medium,low,5,name.com,,,21/08/2026 01:43
88173cef-23e9-4272-95dc-7018ade588ff,waldo.auction,available,29.18,29.18,medium,low,5,spaceship,,,27/09/2026 20:38
8ad930eb-ed6d-499d-bbaf-a670f82e65b6,sneezing.auction,available,36.99,36.99,medium,low,8,namesilo,,,30/09/2026 11:18
e8ae910c-98f0-42f3-a4ee-6f081c29653a,tangible.auction,available,36.99,36.99,high,low,8,namesilo,,,05/09/2026 00:10
7ba7a28b-1751-4f8c-a04d-efed2d42ecab,phage.auction,available,36.99,36.99,medium,low,5,namesilo,,,21/09/2026 16:31
18c4b4ec-df74-41c1-8298-97c8d2ee374f,maven.auction,available,4.99,52.99,high,low,5,name.com,,,
5481172f-27c4-44ea-99bd-6d4cd78f9d9a,commandment.auction,available,28.2,28.2,high,low,11,cloudflare,,,30/09/2026 19:53
4180aeef-bfd7-44ca-bffe-2b9e258a5134,dipper.auction,available,36.99,36.99,high,low,6,namesilo,,,23/09/2026 14:29
b343718b-bbf4-439b-baf9-ff3248a84f8b,compete.auction,available,29.18,29.18,high,low,7,spaceship,,,30/09/2026 17:34
ef8f98f6-a1de-4f39-bd87-d4bb2085d200,maddie.auction,available,29.18,29.18,high,low,6,spaceship,,,01/10/2026 11:42
0b860930-491f-4afb-8631-d1371711e5af,shelton.auction,available,38.98,46.98,medium,low,7,namecheap,,,27/09/2026 01:50
9c8aed26-992f-4ab5-9702-ed8dfa184727,crowded.auction,available,38.98,46.98,high,low,7,namecheap,,,24/09/2026 02:10
369d3bdc-f5b4-4ad5-8ff2-a0aafa13eb19,welcomed.auction,available,28.2,28.2,high,low,8,cloudflare,,,29/09/2026 08:42
fcc92c8e-0e75-42eb-ba64-a0ee20a469dc,heavenward.auction,available,4.99,52.99,medium,low,10,name.com,,,21/08/2026 02:31
79b19768-da6e-44ce-9660-f13db9a070ad,fingered.auction,available,4.99,52.99,medium,low,8,name.com,,,18/08/2026 04:53
c9840b3a-db07-448b-b9b5-e281b7620771,relativity.auction,available,3,30.18,high,low,10,dynadot,,,29/09/2026 12:09
85f10a22-ae19-466f-b637-01c40478b11f,airedale.auction,available,36.99,36.99,medium,low,8,namesilo,,,17/09/2026 23:08
e5908713-a0d5-4be9-952b-8082ff922dcc,miserable.auction,available,4.99,52.99,high,low,9,name.com,,,
967d58df-14bc-4d19-87b0-e8d6d6d04d3c,groovy.auction,available,,,high,low,6,,,,
466786c7-1144-46cb-ac22-54199521c0a0,category.auction,available,36.99,36.99,high,low,8,namesilo,,,24/09/2026 13:09
99a962ff-4b5b-456d-8eee-de9c692400a2,quaternion.auction,available,4.99,52.99,medium,low,10,name.com,,,
3c4576f3-f597-4b8c-9bb7-1859b318eeb9,aslant.auction,available,4.99,52.99,medium,low,6,name.com,,,07/08/2026 03:56
7fa4c560-d418-40cd-935a-134dfacdc11f,insatiable.auction,available,4.99,52.99,medium,low,10,name.com,,,22/08/2026 06:33
ef808d6f-84b7-4ccd-ad4f-24ba6be7ad56,bathos.auction,available,36.99,36.99,medium,low,6,namesilo,,,22/09/2026 13:49
c276204a-9451-471b-ae6e-048b460e8cf5,laden.auction,available,4.99,52.99,medium,low,5,name.com,,,22/08/2026 18:30
eff50b21-4173-4c41-9a78-910b6a372ca8,granular.auction,available,4.99,52.99,medium,low,8,name.com,,,12/08/2026 06:52
d9e0c6dd-7176-4f7c-9dc1-3b3347541c17,habitable.auction,available,4.99,52.99,high,low,9,name.com,,,20/08/2026 21:25
ad78a5a7-3924-4697-8c84-3f9102ede91e,darpa.auction,available,3,30.18,medium,low,5,dynadot,,,01/10/2026 19:10
14f882a7-ca77-4b81-b9ff-5e0bdf838deb,hobbies.auction,available,36.99,36.99,medium,low,7,namesilo,,,20/09/2026 22:38
dff55588-1a58-4b00-9d82-c27e410d4fb1,wish.auction,available,36.99,36.99,high,low,4,namesilo,,,25/09/2026 13:40
ad0ac8f2-f4cc-4fbf-928e-840f5b2c0833,furnish.auction,available,3.09,29.35,high,low,7,porkbun,,,30/09/2026 11:07
7ee97428-2d65-494b-a86d-8b504d02141a,euphonic.auction,available,4.99,52.99,high,low,8,name.com,,,17/08/2026 14:13
e573d1f7-98de-4082-9a8a-1fd7858955f6,quiet.auction,available,36.99,36.99,high,low,5,namesilo,,,23/09/2026 12:30
d06c6314-40a8-479a-a860-192c19d81e58,vagile.auction,available,36.99,36.99,low,low,6,namesilo,,,13/09/2026 00:47
4b10e993-ebeb-4a8b-ae7a-aef8387c1ce0,sweeping.auction,available,36.99,36.99,high,low,8,namesilo,,,11/09/2026 05:31
617e7b57-06d2-45a1-a51d-337bb71f94ec,decease.auction,available,38.98,46.98,medium,low,7,namecheap,,,24/09/2026 19:36
c56cb360-fb44-4d00-893c-c10410f50362,ascaris.auction,available,36.99,36.99,medium,low,7,namesilo,,,20/09/2026 13:03
fd73d00f-c523-4a14-95cb-435c689bebfe,prominence.auction,available,38.98,46.98,high,low,10,namecheap,,,24/09/2026 11:05
f5f028c8-47e8-4935-ac81-de22714f0835,mri.auction,available,36.99,36.99,high,low,3,namesilo,,,25/09/2026 23:30
e095ac6f-7a9a-4e5b-b0e4-073924487075,carnage.auction,available,29.18,29.18,medium,low,7,spaceship,,,02/10/2026 04:17
e904d2bd-9412-4d8b-9ec1-503af79899fb,problematic.auction,available,36.99,36.99,high,low,11,namesilo,,,29/09/2026 14:26
d8557fbd-4661-4d04-adc3-8ae1cddb90ff,serpentine.auction,available,36.99,36.99,medium,low,10,namesilo,,,10/09/2026 04:45
0dcbc52e-cfb1-49af-8e4d-2c552300dad1,wholesome.auction,available,36.99,36.99,high,low,9,namesilo,,,28/09/2026 10:32
271cded1-e553-473c-a460-8feb63d009ae,hunted.auction,available,4.99,52.99,medium,low,6,name.com,,,21/08/2026 15:43
22e77cf1-d6d7-422c-8b39-009e3c284960,northridge.auction,available,38.98,46.98,medium,low,10,namecheap,,,30/09/2026 14:03
aaea5f6e-495f-4179-90e0-909584e843cd,humanitarian.auction,available,28.2,28.2,high,low,12,cloudflare,,,28/09/2026 21:16
173b851e-e9e4-4a47-8857-dedb52655b27,crashing.auction,available,36.99,36.99,medium,low,8,namesilo,,,28/09/2026 11:33
1f18c3ac-7e7e-4051-90e9-5e67b543bb96,convention.auction,available,38.98,46.98,high,low,10,namecheap,,,03/09/2026 21:13
e08770df-7c4f-430e-896c-640ac982a1e8,mattered.auction,available,38.98,46.98,medium,low,8,namecheap,,,01/10/2026 18:12
d24ea11c-7622-44bb-81e4-e0101bc5f3d6,installation.auction,available,36.99,36.99,high,low,12,namesilo,,,29/09/2026 04:43
afbb8b1b-e421-4d69-a372-b51b426b2bce,ludwig.auction,available,36.99,36.99,medium,low,6,namesilo,,,29/09/2026 05:16
5cbf22b0-ec95-44a4-b422-c1c1adc6b58c,largest.auction,available,36.99,36.99,medium,low,7,namesilo,,,27/09/2026 21:38
fcc791fd-6185-4ddf-bf1a-fce79f1ee028,plaguy.auction,available,4.99,52.99,medium,low,6,name.com,,,
3b288967-c0fc-42ec-aa04-4b0376cc3232,glamorgan.auction,available,29.18,29.18,medium,low,9,spaceship,,,29/09/2026 21:59
5e9c9310-a224-4e5a-bde3-c639876dd090,theoretically.auction,available,29.18,29.18,low,low,13,spaceship,,,28/09/2026 17:35
1b8bfc42-b231-4fea-8351-7f8e16d0d3df,hahaha.auction,available,36.99,36.99,high,low,6,namesilo,,,01/10/2026 22:02
326e63cc-237f-4328-bad1-8691f2917dbb,dads.auction,available,36.99,36.99,medium,low,4,namesilo,,,20/09/2026 10:27
d9f27cb3-14c7-4659-975a-389a67c7bc7c,particular.auction,available,38.98,46.98,high,low,10,namecheap,,,24/09/2026 18:23
ece66ce9-337c-41c5-8dde-9db0525eddcf,airports.auction,available,29.18,29.18,medium,low,8,spaceship,,,30/09/2026 00:31
7514c3c4-50a3-44e9-a6a6-a46de7ce698c,baseboard.auction,available,36.99,36.99,medium,low,9,namesilo,,,22/09/2026 10:08
aabd2f50-6de0-4d22-9434-cdc1c1804bf3,marius.auction,available,36.99,36.99,high,low,6,namesilo,,,28/09/2026 03:53
d44611e5-0013-4d1e-9077-b3a1d982de24,rasping.auction,available,4.99,52.99,medium,low,7,name.com,,,20/08/2026 18:29
8e512ee8-a162-4714-9ee0-8286c37abf27,bioassay.auction,available,36.99,36.99,medium,low,8,namesilo,,,23/09/2026 17:38
2236b45d-d8d6-4940-b0ff-aecca54af37b,hereditary.auction,available,4.99,52.99,high,low,10,name.com,,,
d371a5c5-3c4a-46f7-bbcc-149d98497870,serviced.auction,available,29.18,29.18,medium,low,8,spaceship,,,01/10/2026 15:44
48ec6f16-7ff7-4d76-8e47-85fef84a12c5,establish.auction,available,36.99,36.99,high,low,9,namesilo,,,22/09/2026 17:35
e7e3ebf0-7b2f-494b-ad37-c2728069f66f,mexican.auction,available,4.99,52.99,high,low,7,name.com,,,25/09/2026 20:01
be72b94c-7100-4ed0-a850-f0ebd5bec4e0,overstated.auction,available,4.99,52.99,medium,low,10,name.com,,,17/08/2026 15:36
57d00dd3-204a-494f-93fb-3f5cb660b4ea,filipino.auction,available,4.99,52.99,high,low,8,name.com,,,18/08/2026 04:19
a3f7cab4-4ace-4dbe-b1a4-76bcbb44eab3,complaining.auction,available,29.18,29.18,high,low,11,spaceship,,,27/09/2026 17:47
ad549223-675f-4ce6-bcf0-0115fceea0ef,gifts.auction,premium,118.8,118.8,medium,low,5,namesilo,,,25/09/2026 17:25
eb405447-5413-4325-8ada-8663a18f2b84,whereas.auction,available,28.2,28.2,high,low,7,cloudflare,,,01/10/2026 00:02
2862efe1-1f4c-4e50-b996-8baefaa6bf1a,barrio.auction,available,36.99,36.99,medium,low,6,namesilo,,,22/09/2026 08:38
ac053aa5-b6c3-43e7-8ff6-e1567f195263,rugs.auction,premium,1035.2,1035.2,medium,low,4,spaceship,,,02/10/2026 03:20
0cabc6ee-676a-46ae-834c-be75383e3bd3,pigheaded.auction,available,4.99,52.99,medium,low,9,name.com,,,11/08/2026 08:32
49ad5bad-25a7-417f-858a-a2a2745a844f,kweek.auction,available,38.98,46.98,medium,low,5,namecheap,,,21/09/2026 18:35
eab97236-88d4-483c-ac2d-8d10a9fb1e14,pesos.auction,premium,207.2,207.2,medium,low,5,spaceship,,,30/09/2026 06:56
00ec2a29-e101-4b09-a140-cf0f9f974e55,casualties.auction,available,38.98,46.98,medium,low,10,namecheap,,,27/09/2026 21:53
964d9c03-293f-4aa0-9e2d-24d6228919b5,unflavored.auction,available,38.98,46.98,medium,low,10,namecheap,,,03/09/2026 19:15
745ec059-d254-47d9-b78d-601b396c99db,terrell.auction,available,28.2,28.2,medium,low,7,cloudflare,,,28/09/2026 12:22
f37bbe38-cccd-4397-8f5a-3eaecf6e6129,marxist.auction,available,4.99,52.99,high,low,7,name.com,,,10/08/2026 17:53
f7bdf2b3-61fe-4a8a-8ee4-deeb6c743e8c,albitic.auction,available,4.99,52.99,medium,low,7,name.com,,,
013dbfe0-3ed8-4d56-a5e7-cddb337fad4e,stably.auction,available,36.99,36.99,high,low,6,namesilo,,,16/09/2026 06:43
5c7907c2-fec9-47b1-9947-73fb48e37bbd,inge.auction,available,36.99,36.99,high,low,4,namesilo,,,30/09/2026 09:55
ecb3ab11-04d7-4700-a25e-f36f0e86adc2,crazily.auction,available,36.99,36.99,medium,low,7,namesilo,,,14/09/2026 09:15
11299ea8-33d7-4e0f-8591-143995f67378,distinguished.auction,available,28.2,28.2,high,low,13,cloudflare,,,01/10/2026 19:21
8dc6fd0e-980a-4345-bfcb-384b886f894e,paintpot.auction,available,4.99,,medium,low,9,name.com,,,
58b7356f-e53e-4fba-8d84-23f4d4491383,fool.auction,available,4.99,52.99,medium,low,4,name.com,,,12/08/2026 15:15
f1461525-a8a7-4ca8-901b-99da5177c514,returnable.auction,available,36.99,36.99,high,low,10,namesilo,,,09/09/2026 15:55
e3884cc0-d30f-4a3f-8190-fa896af4977d,bandages.auction,available,29.18,29.18,medium,low,8,spaceship,,,01/10/2026 17:46
bb5f5b55-2a0f-41a8-ab9e-952eb69fd743,reentrant.auction,available,36.99,36.99,medium,low,10,namesilo,,,09/09/2026 10:51
bb66b70a-de96-425e-a101-361105b3a0d9,possible.auction,available,36.99,36.99,high,low,8,namesilo,,,27/09/2026 04:44
2961ad65-3b87-4660-aac7-0787949760d6,hotfoot.auction,available,36.99,36.99,high,low,7,namesilo,,,09/09/2026 19:44
d15045d5-fe2e-478c-b3e0-db598149f115,adps.auction,available,36.99,36.99,medium,low,4,namesilo,,,17/09/2026 09:53
0534fa3e-529a-4ff8-b252-67d2527b2976,rio.auction,premium,,,high,low,3,,,,28/09/2026 03:02
b50fb8c2-02e1-43ac-89e7-e448850ab390,middlesbrough.auction,available,36.99,36.99,medium,low,13,namesilo,,,01/10/2026 08:11
61b82ba2-92c3-4d97-8401-3b5c08c3b864,hcl.auction,available,3,30.18,medium,low,3,dynadot,,,29/09/2026 17:21
d52683b8-461f-4840-8425-bbdbae0618f9,uplift.auction,available,36.99,36.99,high,low,6,namesilo,,,01/10/2026 22:01
972e2107-07d5-45af-bb28-2b7521924f40,rapacious.auction,available,4.99,52.99,medium,low,9,name.com,,,15/08/2026 05:26
1ba67d11-8311-441d-845b-5f1e85155c36,landon.auction,available,3,30.18,medium,low,6,dynadot,,,28/09/2026 22:03
37e4a089-ed4f-43b8-b885-cf1ab257d8ab,threat.auction,available,28.2,28.2,high,low,6,cloudflare,,,30/09/2026 04:17
1f248414-14ea-4a37-86c9-e418a9eb5076,shrubs.auction,available,29.18,29.18,medium,low,6,spaceship,,,30/09/2026 22:40
dfbb7f86-3cfb-4016-9577-dfb8c37d56e8,collaborate.auction,available,38.98,46.98,high,low,11,namecheap,,,29/09/2026 20:56
2a474c8f-953f-4ed0-ace7-a83b77cf9556,radical.auction,available,4.99,52.99,high,low,7,name.com,,,08/08/2026 21:21
028584a9-9640-4403-b02e-078ec2d17231,terrorist.auction,available,38.98,46.98,medium,low,9,namecheap,,,25/09/2026 10:50
15d9fd73-ded4-4046-b673-349096fd02b4,cuneiform.auction,available,4.99,52.99,medium,low,9,name.com,,,13/08/2026 10:34
4e8f3439-4b98-4520-bab3-5327d7f7258e,recording.auction,available,36.99,36.99,high,low,9,namesilo,,,30/09/2026 09:21
c1af0514-b316-401e-9894-4c31b6105d1d,needfully.auction,available,36.99,36.99,medium,low,9,namesilo,,,15/09/2026 16:20
f4777e24-ac49-4c16-8c6b-1340a734b953,removal.auction,available,29.18,29.18,high,low,7,spaceship,,,30/09/2026 09:46
e2d2d10a-d629-4727-899d-d464e66f4355,enchanting.auction,available,4.99,52.99,medium,low,10,name.com,,,09/08/2026 18:21
a8657c5f-34c7-478b-88bd-4e58f54a4b98,put.auction,premium,71.4,71.4,high,low,3,namesilo,,,25/09/2026 13:13
32914527-6a8d-43a2-83e0-4c6ef0a2a3de,departmental.auction,available,28.2,28.2,medium,low,12,cloudflare,,,30/09/2026 14:39
9bc9f1e0-bb70-4a72-8035-d404939fddaa,artemia.auction,available,36.99,36.99,high,low,7,namesilo,,,20/09/2026 10:09
25bd0bea-6ccf-4622-a270-a9d2daa9913d,payne.auction,available,36.99,36.99,high,low,5,namesilo,,,25/09/2026 13:00
fbd6fb90-cab5-4baf-a0fd-0673ec497f9c,abasia.auction,available,38.98,46.98,medium,low,6,namecheap,,,16/09/2026 14:05
3010af48-b7a7-4530-afc5-fbeb3c76abdc,ora.auction,available,3,30.18,high,medium,3,dynadot,,,30/09/2026 19:25
313aac57-c7f4-488d-92b8-fc65042f17b1,armoury.auction,available,36.99,36.99,medium,low,7,namesilo,,,20/09/2026 07:33
e0b9e0f5-387c-4f7d-8b88-c0d6ad9e0bc2,herkimer.auction,available,36.99,36.99,medium,low,8,namesilo,,,01/10/2026 10:24
b9627d00-55f7-4b9f-91d1-6154f19e98c7,consents.auction,available,36.99,36.99,medium,low,8,namesilo,,,20/09/2026 13:43
c4f4efc9-af3c-4bab-915a-e87795890242,velvetleaf.auction,available,38.98,46.98,medium,low,10,namecheap,,,16/09/2026 19:24
6fd37a79-fbed-49a4-bf29-6208bad2c56e,hall.auction,premium,207.2,207.2,high,low,4,spaceship,,,28/09/2026 21:37
7f8d4bc2-c43c-414a-9f60-d5175b9ba87d,scourge.auction,available,4.99,52.99,medium,low,7,name.com,,,18/08/2026 06:16
f6690559-f730-4eba-94bb-8e80a4b0a3be,forked.auction,available,4.99,52.99,high,low,6,name.com,,,09/08/2026 20:14
d5f3d103-60f2-4e39-ae8c-6f3e8ea008ee,separate.auction,available,36.99,36.99,high,low,8,namesilo,,,24/09/2026 11:16
60a57fa7-3c24-464b-9091-2cc79dc48f4d,annie.auction,available,38.98,46.98,medium,low,5,namecheap,,,25/09/2026 18:17
6c65928d-56db-436f-bff6-70dabe5a8341,pluses.auction,available,36.99,36.99,medium,low,6,namesilo,,,21/09/2026 02:09
9db75330-3b22-4917-bc74-26072f122a7c,abounding.auction,available,4.99,52.99,high,low,9,name.com,,,
fd068f7b-8803-4f0e-b374-3d958ef921ff,timur.auction,available,29.18,29.18,medium,low,5,spaceship,,,30/09/2026 18:52
c03e0d4b-ce7c-4e8d-a6ef-981c17a6057d,collects.auction,available,36.99,36.99,medium,low,8,namesilo,,,29/09/2026 17:04
ea322774-33be-4ad5-b88d-ba4eef5c78e7,driven.auction,available,4.99,52.99,high,low,6,name.com,,,14/08/2026 19:34
b67dc4c2-4be2-48d2-8cf0-b28232400626,badminton.auction,available,38.98,46.98,high,low,9,namecheap,,,21/09/2026 17:13
6f4d82a6-ddc4-4f86-8c8e-6cbcf79c80a4,smoothed.auction,available,36.99,36.99,medium,low,8,namesilo,,,10/09/2026 12:07
6d923d30-0904-44ba-b420-3c988572b4e9,baronet.auction,available,38.98,46.98,high,low,7,namecheap,,,22/09/2026 07:28
ed5f1092-bc6a-410a-b352-f5e6726a34ef,uric.auction,available,36.99,36.99,medium,low,4,namesilo,,,12/09/2026 23:37
f05ccef9-c534-4f61-b8aa-c235738f7a52,bayern.auction,available,38.98,46.98,high,low,6,namecheap,,,30/09/2026 23:25
04fc3cf3-9585-4455-8e8c-4a550e4d3c3c,history.auction,resell,,,high,low,7,Dynadot Inc,17/02/2026 17:00,17/02/2027 17:00,28/09/2026 17:27
9593360c-9bf3-48b6-8eb5-3f94a31074db,tito.auction,available,38.98,46.98,high,low,4,namecheap,,,25/09/2026 23:21
ebf0955c-82cf-4fc0-93f7-42e1a6e34a14,apogee.auction,available,38.98,46.98,high,low,6,namecheap,,,19/09/2026 18:28
770de813-62d0-4d9f-a3d1-6826737110eb,slips.auction,available,36.99,36.99,high,low,5,namesilo,,,17/09/2026 12:24
9072e920-a01a-4e89-a182-3d7414993482,percentage.auction,available,28.2,28.2,high,low,10,cloudflare,,,28/09/2026 15:02
69ad0c53-8e3a-406f-984b-6063aef6304e,about.auction,premium,1107,1107,high,low,5,namesilo,,,21/09/2026 14:03
425037f3-0983-4c76-8164-2572b5b86961,important.auction,available,36.99,36.99,high,low,9,namesilo,,,22/09/2026 13:54
6d2b4e51-11bb-4eb4-8238-834c8efc01bb,mata.auction,available,38.98,46.98,medium,low,4,namecheap,,,28/09/2026 21:09
00cc203e-fae0-4f02-ba67-4d46fb683920,theorize.auction,available,36.99,36.99,high,low,8,namesilo,,,24/09/2026 17:19
1f24aaea-f91a-4100-b77c-c76e86cd166b,moynihan.auction,available,29.18,29.18,medium,low,8,spaceship,,,29/09/2026 18:33
09fa1c3d-bfce-4ef8-9650-c189dbda5dd5,several.auction,available,3,30.18,high,low,7,dynadot,,,02/10/2026 03:07
48561c61-6a05-4a36-a2f2-15d3368d3dc7,somerset.auction,available,4.99,52.99,high,low,8,name.com,,,18/08/2026 08:27
15b40cfe-bd82-4006-8ecd-74f375e99722,unrested.auction,available,38.98,46.98,medium,low,8,namecheap,,,12/09/2026 18:02
309e2921-0cdd-4598-a4a4-4acf9fb5c5ad,cry.auction,available,36.99,36.99,high,low,3,namesilo,,,29/09/2026 12:15
cf5e8abb-7205-4dfd-bbde-fa86b67f3cdb,axial.auction,available,36.99,36.99,high,low,5,namesilo,,,22/09/2026 15:33
297eb349-1f71-464d-bcbb-a49aa1947c62,backache.auction,available,36.99,36.99,medium,low,8,namesilo,,,21/09/2026 14:56
f46064c7-1f16-4f1c-a096-3f331ece0d56,providing.auction,available,3.09,29.35,high,low,9,porkbun,,,28/09/2026 07:19
144b0e01-72fe-484c-8bd2-9830557841f6,awning.auction,available,36.99,36.99,high,low,6,namesilo,,,21/09/2026 10:12
b8cd5085-d634-4f1b-8c46-58f80cf93f8e,pyknic.auction,available,4.99,52.99,medium,low,6,name.com,,,17/08/2026 01:17
37a31e08-0274-4e3e-9279-8c60401abffe,securing.auction,available,4.99,,medium,low,8,name.com,,,
ea6d0ddd-a1a9-4613-84e6-953374674951,bighorn.auction,available,36.99,36.99,high,low,7,namesilo,,,23/09/2026 15:10
461925eb-46e3-4e79-91a2-04e20edd7a67,semitic.auction,available,36.99,36.99,medium,low,7,namesilo,,,10/09/2026 03:32
c00f5c7c-e113-4068-9105-8b87e451de4d,aspiration.auction,available,36.99,36.99,high,low,10,namesilo,,,18/09/2026 16:53
a17f858b-141c-414c-8422-7e5e606cfdef,owned.auction,available,36.99,36.99,high,low,5,namesilo,,,26/09/2026 03:41
106c159a-2185-4693-99ab-e5e7ea51f327,tongued.auction,available,36.99,36.99,medium,low,7,namesilo,,,11/09/2026 17:08
26d690b5-e677-4a0e-abc5-c6e1089dda48,shoebill.auction,available,38.98,46.98,medium,low,8,namecheap,,,21/09/2026 20:35
f2debdca-c377-4307-80fb-d284a0049338,wilkesbarre.auction,available,28.2,28.2,medium,low,12,cloudflare,,,30/09/2026 22:09
8d79302e-ac3f-41d3-b870-60d3fedc10ee,compelled.auction,available,28.2,28.2,low,low,9,cloudflare,,,28/09/2026 23:06
fcf6cda1-38d3-40e1-b22e-07f5554d1bcd,zhang.auction,available,36.99,36.99,high,low,5,namesilo,,,25/09/2026 15:58
798e9ba9-824d-46ba-85bc-a1ae3241e1d5,toulon.auction,available,29.18,29.18,medium,low,6,spaceship,,,28/09/2026 20:41
90e60c8a-316b-4269-98e7-cb65be93f86e,skyway.auction,available,38.98,46.98,high,low,6,namecheap,,,17/09/2026 22:32
95354efa-bf83-46e2-93bb-5f61262da88b,occitan.auction,available,36.99,36.99,medium,low,7,namesilo,,,09/09/2026 04:30
fe96106c-29b9-48eb-ba1b-68fd4244946d,indie.auction,premium,500,500,high,medium,5,name.com,,,22/08/2026 03:00
7cdd61e8-1ba8-4e9a-b6db-a8cd71f2c925,fascinated.auction,available,36.99,36.99,high,low,10,namesilo,,,24/09/2026 17:12
c83f099a-a613-4d84-a6d6-2b71a655ef92,exclusively.auction,available,28.2,28.2,high,low,11,cloudflare,,,01/10/2026 06:44
3967f2ab-c46b-41be-8d8c-7b0a268154d3,ante.auction,available,36.99,36.99,medium,low,4,namesilo,,,19/09/2026 12:39
8ff16e2b-2999-4c2f-868f-7ded8dbb5b7f,inspected.auction,available,36.99,36.99,medium,low,9,namesilo,,,01/10/2026 16:29
c011e979-fff9-4356-b0f5-0b2f3695ade3,vultures.auction,available,36.99,36.99,medium,low,8,namesilo,,,01/10/2026 13:53
1c2e7fb7-d5d3-4e85-896f-02143cfcd9b5,afc.auction,available,36.99,36.99,high,low,3,namesilo,,,28/09/2026 16:17
da4839b1-d0a8-4364-a386-46bea2dd786d,advertent.auction,available,4.99,52.99,medium,low,9,name.com,,,
5f971c0a-9485-4bba-b8df-cc5c947f0ad2,shifting.auction,available,38.98,46.98,high,low,8,namecheap,,,27/09/2026 21:05
ee7ff320-32eb-4ab3-afdc-5ccf7c8fac48,jealous.auction,available,36.99,36.99,high,low,7,namesilo,,,24/09/2026 01:04
523d53a4-6f7b-4c3c-809c-53d44af93faf,tel.auction,resell,,,high,low,3,Dynadot Inc,26/01/2022 18:19,26/01/2027 18:19,01/10/2026 11:20
b10e910c-83ff-4a0a-a567-21a2dd85f05d,lichens.auction,available,36.99,36.99,low,low,7,namesilo,,,29/09/2026 05:48
e38b897e-e162-4400-bb5c-0653a9f426a5,heading.auction,available,36.99,36.99,high,low,7,namesilo,,,25/09/2026 07:40
f04f067d-8e6e-41a7-8beb-2077b7c35da4,internally.auction,available,36.99,36.99,medium,low,10,namesilo,,,15/09/2026 09:01
d4ba3d2b-dd1a-4595-9339-298aabc61202,anhedonia.auction,available,36.99,36.99,medium,low,9,namesilo,,,19/09/2026 07:46
4c119a27-5abe-4b83-9c81-5e7a70a43426,blockade.auction,available,28.2,28.2,medium,low,8,cloudflare,,,29/09/2026 01:13
f8d7d801-3b9a-4619-824b-f29419f9ec96,algid.auction,available,4.99,52.99,medium,low,5,name.com,,,
0931ecf4-45a5-4ba3-b2ad-b70f2834ec2b,mesonic.auction,available,4.99,52.99,medium,low,7,name.com,,,24/08/2026 21:09
ec1a3184-0247-48f3-bd02-4121d5089cd5,sights.auction,available,36.99,36.99,high,low,6,namesilo,,,28/09/2026 10:56
e89d9979-5297-4fab-a229-37b19ec31ec0,former.auction,available,38.98,46.98,high,low,6,namecheap,,,24/09/2026 21:24
239daac0-f1ac-4262-9869-1f787b02df6e,portal.auction,resell,,,high,medium,6,,,,28/09/2026 10:03
c0b9c918-f92a-48f4-8771-7a492c34ebf7,spill.auction,available,28.2,28.2,high,low,5,cloudflare,,,27/09/2026 15:56
0afa42b2-31ec-4baa-a940-6c67ac42004e,apostasy.auction,available,38.98,46.98,medium,low,8,namecheap,,,19/09/2026 19:16
3e796c90-dfcf-4d9f-bb1b-bc63ddbaf946,effie.auction,available,29.18,29.18,high,low,5,spaceship,,,01/10/2026 05:06
04fb2b7f-8596-4821-8ac6-2c8c11fe56f2,unlovable.auction,available,36.99,36.99,medium,low,9,namesilo,,,12/09/2026 15:08
b9d4290f-8723-4419-9cb6-8cc1e85ac844,noseless.auction,available,36.99,36.99,low,low,8,namesilo,,,03/09/2026 21:47
7c1a0dba-d0a0-4889-8db0-11245c3a5b74,denison.auction,available,28.2,28.2,medium,low,7,cloudflare,,,28/09/2026 08:06
1c62407c-8428-4315-9127-03019bc407ec,fought.auction,available,4.99,,medium,low,6,name.com,,,
6b338484-a9c7-408a-bb6b-97e1c0214072,imposed.auction,available,4.99,52.99,medium,low,7,name.com,,,21/08/2026 22:50
72511f0f-162d-41d9-8c8a-b5fd914d940e,eponymous.auction,available,4.99,52.99,high,low,9,name.com,,,17/08/2026 11:29
63ea4006-8dc9-45dc-b467-d77efffb25ed,importance.auction,available,28.2,28.2,high,low,10,cloudflare,,,29/09/2026 21:24
61d92077-42d2-4bdc-8fb0-fc5dadae41f8,sabrina.auction,available,36.99,36.99,medium,low,7,namesilo,,,29/09/2026 04:05
beee17c8-5530-46d5-abc1-8589b7abc5af,cornell.auction,available,36.99,36.99,high,low,7,namesilo,,,29/09/2026 00:29
38bb7130-a80b-495c-81dd-2dfcd6bb0a55,bum.auction,available,4.99,52.99,medium,low,3,name.com,,,09/08/2026 10:49
1c1e2336-c4fa-4aab-bea9-917551a360db,chore.auction,available,28.2,28.2,high,low,5,cloudflare,,,29/09/2026 09:00
e46a04e4-32fe-4d15-9b7a-cdda26453579,distinctions.auction,available,38.98,46.98,medium,low,12,namecheap,,,20/09/2026 03:54
6600f08e-db08-4f49-8a93-d9a32ff9ea10,politicians.auction,available,36.99,36.99,medium,low,11,namesilo,,,19/09/2026 23:03
4ac37bab-4bdc-44d2-9aac-26ed1d4bd4f8,hoar.auction,available,4.99,52.99,medium,low,4,name.com,,,20/08/2026 19:18
e1e64801-8be7-4183-bb4a-4a73904302bf,linearly.auction,available,36.99,36.99,medium,low,8,namesilo,,,15/09/2026 12:25
26b15e86-f41b-47c4-82bd-64f4cb7a527d,proposition.auction,available,36.99,36.99,high,low,11,namesilo,,,28/09/2026 03:24
5835a8c5-b3e5-4685-b570-e14259e0e0a9,introductory.auction,available,4.99,,high,low,12,name.com,,,
465c7b3f-bcb5-45f3-adb5-cdc9161d1b63,indirectly.auction,available,36.99,36.99,medium,low,10,namesilo,,,15/09/2026 07:58
d5b36744-c0cd-4455-b2bf-2a4cef9ef416,polled.auction,available,36.99,36.99,high,low,6,namesilo,,,20/09/2026 17:21
cfab362e-ddab-4086-a635-bf286f9c92a4,indulgent.auction,available,4.99,52.99,high,low,9,name.com,,,22/08/2026 03:33
b4408ee8-5e6a-41c7-a11d-8884765863e8,medina.auction,premium,118.8,118.8,high,low,6,namesilo,,,18/09/2026 01:29
95bb9f31-38e0-4d82-8d97-3a91c19a51f4,chainlike.auction,available,4.99,52.99,medium,low,9,name.com,,,11/08/2026 21:34
bf9e19be-71ac-4864-a15e-6c9db420c2a9,instructor.auction,available,55.99,55.99,high,low,10,godaddy,,,28/09/2026 02:10
8efb5eba-8e00-477e-bf34-9c14e9fa84e7,amalgam.auction,available,36.99,36.99,high,low,7,namesilo,,,18/09/2026 15:38
047d9dc1-e14b-49a8-8a1f-2de146b298ff,bologna.auction,available,29.18,29.18,high,low,7,spaceship,,,30/09/2026 16:29
bf41e3cf-0ff1-44c2-972a-226260002b5b,handy.auction,premium,500,500,high,low,5,name.com,,,20/08/2026 23:39
af754f6a-7fac-4c88-b90e-dedd7aee76a2,dives.auction,available,4.99,,high,low,5,name.com,,,
1c691449-8ef2-412d-873f-96417b586aa0,path.auction,available,36.99,36.99,high,low,4,namesilo,,,25/09/2026 07:51
b9c8d443-02a8-401d-99b5-38b724ddfe79,machiavelli.auction,available,3,30.18,high,low,11,dynadot,,,30/09/2026 04:12
80960a10-7ee8-475c-81a3-048f225421bb,ablated.auction,available,4.99,52.99,medium,low,7,name.com,,,
8ef9045f-0cb7-4789-b998-52a51aff31a1,phillip.auction,available,38.98,46.98,high,low,7,namecheap,,,17/09/2026 13:24
531593b3-b94c-4411-963b-df17592c93a8,basilisk.auction,available,36.99,36.99,high,low,8,namesilo,,,22/09/2026 10:54
53c87843-6d80-4ca4-8135-15ed1ff95aae,panties.auction,available,3,30.18,high,low,7,dynadot,,,29/09/2026 23:36
2bd93a54-0c7b-4c89-ad39-e883123f9082,renounce.auction,available,36.99,36.99,high,low,8,namesilo,,,29/09/2026 14:11
56ce5964-42f2-4cf9-9bd7-9ecd4ea1d1ee,ephemeral.auction,available,4.99,52.99,high,low,9,name.com,,,17/08/2026 10:17
f68d1870-6dab-4cf8-b3cb-807e61afea54,blatant.auction,available,4.99,52.99,medium,low,7,name.com,,,10/08/2026 13:31
9de5ebcd-b9b4-4d9e-8e61-4fb88b4ac56e,hound.auction,available,36.99,36.99,medium,low,5,namesilo,,,24/09/2026 02:24
8ef78398-1a95-4d59-95ef-5df60055edd0,icu.auction,available,28.2,28.2,high,low,3,cloudflare,,,29/09/2026 23:28
34e2dd16-9709-4087-bb2f-e6d2f853de46,veracruz.auction,available,36.99,36.99,high,low,8,namesilo,,,28/09/2026 06:50
f7ab51cc-9a29-41ec-b4f1-a1c2e40ebf10,stepson.auction,available,36.99,36.99,high,low,7,namesilo,,,30/09/2026 12:01
b81339d0-4e21-4977-a056-35ab75ff694c,breathless.auction,available,4.99,52.99,medium,low,10,name.com,,,11/08/2026 03:23
7f9a7eed-2ad8-4436-b40e-70c4561f3f5c,discovered.auction,available,29.18,29.18,high,low,10,spaceship,,,29/09/2026 09:22
650f7100-1b82-4484-b56b-38fb02a8ee54,candor.auction,available,36.99,36.99,high,low,6,namesilo,,,24/09/2026 12:01
fd3e5edc-bdbd-4938-b9bb-1a7dfac979b5,sava.auction,available,3,30.18,high,low,4,dynadot,,,30/09/2026 05:14
75d2f6be-93b9-432a-9531-5d675339b6df,continually.auction,available,29.18,29.18,medium,low,11,spaceship,,,01/10/2026 13:36
26205704-30f1-4ef2-b609-71d0385a1d4d,federalism.auction,available,29.18,29.18,high,low,10,spaceship,,,29/09/2026 12:14
78754921-ffd9-4834-b971-2de57c90ef4c,started.auction,available,36.99,36.99,medium,low,7,namesilo,,,18/09/2026 11:27
8ba580c2-c915-44f5-b74b-bb57113d5119,backpacker.auction,available,38.98,46.98,high,low,10,namecheap,,,21/09/2026 15:44
93a56450-e85c-4452-886f-632650d9fddc,carp.auction,available,38.98,46.98,medium,low,4,namecheap,,,01/10/2026 18:55
b4673a91-db57-4b97-8d8e-614ef8bc3665,shedding.auction,available,29.18,29.18,high,low,8,spaceship,,,01/10/2026 01:44
386e7c7a-c95b-4e37-9c2b-b677ac2192f7,moonshine.auction,available,4.99,52.99,high,low,9,name.com,,,10/08/2026 19:35
425fd927-98d7-4e6e-b8dc-9babffee0a31,kneeling.auction,available,28.2,28.2,high,low,8,cloudflare,,,29/09/2026 19:28
e60ae844-7a4c-423d-ba31-1a1b42b4404a,richards.auction,available,36.99,36.99,high,low,8,namesilo,,,25/09/2026 07:42
4bb8792e-af29-4c68-8ad4-bb892ef85ff6,suction.auction,available,29.18,29.18,medium,low,7,spaceship,,,29/09/2026 14:01
4864357d-9bef-4744-8099-c5f8ea1a9113,perchance.auction,available,36.99,36.99,medium,low,9,namesilo,,,14/09/2026 02:12
c04c908c-13c5-448e-97af-ed74ffb7d415,job.auction,premium,1107,1107,high,medium,3,namesilo,,,29/09/2026 03:34
6881f665-e584-4b92-a532-a786d7bc6ed9,swan.auction,available,36.99,36.99,high,low,4,namesilo,,,10/09/2026 22:05
5edc2ec5-d52c-4dbb-8868-45fa85e1d77c,biotype.auction,available,38.98,46.98,medium,low,7,namecheap,,,23/09/2026 19:14
1c9d51a0-9a24-4ee0-8a38-b415f02e8acc,mccauley.auction,available,36.99,36.99,medium,low,8,namesilo,,,01/10/2026 02:59
bb1b40da-7787-4b1a-90cf-5f10ad7aa59b,privileges.auction,available,36.99,36.99,low,low,10,namesilo,,,28/09/2026 17:31
066c7aba-f50a-441d-9e4e-807e8a3d3b60,anaclitic.auction,available,4.99,52.99,medium,low,9,name.com,,,
15aa2af5-a5c1-47d0-b4d0-ec456d76d293,wilberforce.auction,available,29.18,29.18,medium,low,11,spaceship,,,30/09/2026 05:04
d834a2f0-fdd4-47c7-9f53-b82117b0d56f,asanga.auction,available,36.99,36.99,medium,low,6,namesilo,,,20/09/2026 12:49
d5d751a5-155a-421e-8658-6c9923682dca,palatial.auction,available,36.99,36.99,high,low,8,namesilo,,,04/09/2026 23:22
7da7668e-b623-4682-9fc2-a84437a114c2,testate.auction,available,36.99,36.99,high,low,7,namesilo,,,11/09/2026 12:00
9f6a6525-7906-4710-b60d-11e2e2345f0b,thumbed.auction,available,36.99,36.99,medium,low,7,namesilo,,,11/09/2026 15:04
22cce1d1-31eb-42ea-b42c-c7b6cff73e9c,albion.auction,available,38.98,46.98,high,low,6,namecheap,,,18/09/2026 02:58
c493778c-e200-4224-b56b-44141e548299,nonviolent.auction,available,38.98,46.98,high,low,10,namecheap,,,03/09/2026 21:04
b1359e8b-4d4f-44d4-a669-cf9fdcb18e13,countrymen.auction,available,38.98,46.98,medium,low,10,namecheap,,,01/10/2026 16:35
630f1d88-0342-452f-8ed2-f827738728ef,confederacy.auction,available,3,30.18,medium,low,11,dynadot,,,01/10/2026 22:53
d33d6077-ab2e-4a54-a0f0-16185ed74001,disconnect.auction,available,29.18,29.18,high,low,10,spaceship,,,29/09/2026 15:30
2079ee59-a535-4e32-82e7-922e11f99ce6,recreated.auction,available,36.99,36.99,medium,low,10,namesilo,,,09/09/2026 10:49
b8e179c6-8283-4d9f-b07c-21d178b1b7cf,sullen.auction,available,4.99,52.99,medium,low,6,name.com,,,20/08/2026 15:06
642e5e0b-fcdc-47d7-9fb9-ed903e230d8e,indiana.auction,premium,242,242,high,low,7,namesilo,,,29/09/2026 22:58
b00cc8ec-8931-4931-b48c-a178ac895db7,topic.auction,available,29.18,29.18,high,low,5,spaceship,,,28/09/2026 01:44
325fa13a-222b-420f-a0e4-5bf89b3afbd4,containment.auction,available,28.2,28.2,high,low,11,cloudflare,,,29/09/2026 10:17
b901f2f8-e06b-43a8-bf07-7d1c14172aac,situations.auction,available,28.2,28.2,medium,low,10,cloudflare,,,28/09/2026 04:50
c6a55d4a-292c-4b85-89c1-89bdd669b303,segmental.auction,available,4.99,52.99,medium,low,9,name.com,,,24/08/2026 21:41
02eabb96-68b6-4049-9eff-981fb40c1066,reminder.auction,available,38.98,46.98,high,low,8,namecheap,,,28/09/2026 18:51
ec38a95e-54dd-40c2-981e-04af0a4988a9,anatomical.auction,available,4.99,52.99,medium,low,10,name.com,,,
faa73f20-5f3c-4d0e-b9d5-082461137578,exclaimed.auction,available,36.99,36.99,medium,low,9,namesilo,,,18/09/2026 01:31
d31b1cb8-2a00-473b-9758-a4b1c2da46da,rebuilt.auction,available,28.2,28.2,high,low,7,cloudflare,,,29/09/2026 16:05
fb18642a-97c5-473f-a047-4452aaf7f72a,numbered.auction,available,29.18,29.18,medium,low,8,spaceship,,,29/09/2026 10:20
1093b32b-9d87-49a5-8b91-3b8e716b6307,violently.auction,available,36.99,36.99,medium,low,9,namesilo,,,16/09/2026 11:00
025d9557-d254-4525-b9e3-242a94842878,know.auction,available,3,30.18,high,low,4,dynadot,,,29/09/2026 20:04
bb1485d0-f2a6-43d0-a97d-a3a778747f38,piffle.auction,available,38.98,46.98,medium,low,6,namecheap,,,21/09/2026 21:41
961341fb-73bc-477c-9356-f8827e88e08b,outfitted.auction,available,38.98,46.98,medium,low,9,namecheap,,,04/09/2026 19:24
8d621d48-18cc-44a1-a542-a26eef4eb5a4,generals.auction,available,36.99,36.99,medium,low,8,namesilo,,,18/09/2026 06:44
dc54e88e-ca74-4e69-a7bd-3b7eeeae28a5,avoided.auction,available,28.2,28.2,low,low,7,cloudflare,,,29/09/2026 05:05
b4980dd0-e415-4e7c-830f-aac398f9111b,innately.auction,available,36.99,36.99,medium,low,8,namesilo,,,15/09/2026 08:27
f72bbb19-0646-4f94-a963-5471c723691a,dividing.auction,available,29.18,29.18,medium,low,8,spaceship,,,29/09/2026 08:50
a0430f19-ca04-4dcb-a825-df62519b9252,suggestions.auction,available,4.99,52.99,medium,low,11,name.com,,,17/09/2026 12:49
d56171a1-24a4-4a25-aa8b-49bedc26b6a1,numb.auction,available,38.98,46.98,medium,low,4,namecheap,,,22/09/2026 19:39
389dc5ef-e378-4998-9e72-62bed9327922,vegetal.auction,available,36.99,36.99,medium,low,7,namesilo,,,13/09/2026 01:42
3cb1c6c8-4256-48d9-bae8-9be254a7a77b,bellhop.auction,available,38.98,46.98,high,low,7,namecheap,,,23/09/2026 06:01
544d8293-9da9-4259-981f-4a123342d0a9,syriac.auction,available,36.99,36.99,high,low,6,namesilo,,,28/09/2026 03:24
0924e58f-a0d7-46dc-841b-3c024a1cdb95,rappahannock.auction,available,29.18,29.18,medium,low,12,spaceship,,,30/09/2026 22:09
b14477b0-44a2-4b56-bcb9-90e54419d90f,colloidal.auction,available,4.99,52.99,medium,low,9,name.com,,,12/08/2026 17:12
4f4faa4c-cbee-4e61-9718-0c13271a5ec2,registers.auction,available,55.99,55.99,medium,low,9,godaddy,,,01/10/2026 00:08
27ecf748-efdd-4392-b3a2-aff11da148d4,aggressive.auction,available,36.99,36.99,high,low,10,namesilo,,,21/09/2026 22:59
8057b884-555d-4a44-b6d9-18f1b1e1baf1,bazar.auction,available,38.98,46.98,high,low,5,namecheap,,,22/09/2026 18:23
20fed4bb-07b6-40bb-b976-a609fb66568b,auden.auction,available,38.98,46.98,medium,low,5,namecheap,,,21/09/2026 02:48
b4c0fee7-13ba-4c12-840a-d89e5ae126ee,companions.auction,available,36.99,36.99,medium,low,10,namesilo,,,29/09/2026 05:19
3c266c4e-542a-46c2-bdc3-9b5539873613,gown.auction,premium,128.7,128.7,high,low,4,namecheap,,,28/09/2026 05:51
99a88867-b052-4446-8517-9fe881f3b7e4,mania.auction,available,3.09,29.35,medium,low,5,porkbun,,,29/09/2026 05:42
e32bb6e3-9b61-49f9-bc3a-12f9743ba406,doi.auction,available,28.2,28.2,high,low,3,cloudflare,,,28/09/2026 01:47
bc1c52d5-57bc-46fd-9672-f140b0db4e95,vernon.auction,available,29.18,29.18,high,low,6,spaceship,,,28/09/2026 15:42
a43da014-efa5-4669-8127-f0ee8d58c0b2,digitizer.auction,available,36.99,36.99,high,low,9,namesilo,,,19/09/2026 01:49
6f9302a1-866d-4ee1-ac69-94a8656f9d41,chock.auction,available,4.99,52.99,medium,low,5,name.com,,,14/09/2026 06:47
ff0fd390-28ee-4def-8c0d-c592de2bcfe2,plenty.auction,available,4.99,52.99,high,low,6,name.com,,,17/08/2026 09:49
2496932f-cac5-4adc-8758-6e72c373bcad,nara.auction,available,29.18,29.18,medium,low,4,spaceship,,,28/09/2026 06:27
ae98e4be-0df2-4604-a577-b15b5977c87a,reefs.auction,available,28.2,28.2,medium,low,5,cloudflare,,,02/10/2026 02:37
eec51c47-c135-4a53-9d50-1d3f485884ed,acetone.auction,available,36.99,36.99,high,low,7,namesilo,,,17/09/2026 00:07
f4716e6f-65b5-4ec8-980f-f9c12f5303c1,valmy.auction,available,36.99,36.99,medium,low,5,namesilo,,,22/09/2026 16:13
c4679bd1-5589-45c1-985b-9b90a1480d4b,consonant.auction,available,4.99,52.99,high,low,9,name.com,,,12/08/2026 20:14
f6dc69c3-8b34-415c-8b5b-5c2fe65bdedb,sugarless.auction,available,36.99,36.99,medium,low,9,namesilo,,,19/09/2026 15:11
b19c5d05-f772-4e2d-b75c-e9e48d80f4e3,avidly.auction,available,36.99,36.99,medium,low,6,namesilo,,,13/09/2026 22:53
cfdb2243-07cf-45ea-bbc9-44172eb19897,jailhouse.auction,available,36.99,36.99,medium,low,9,namesilo,,,08/09/2026 22:44
5cd56fe7-105e-4827-badd-0a1e8b985f8f,theatres.auction,available,38.98,46.98,medium,low,8,namecheap,,,20/09/2026 19:41
b5151725-cf88-4240-a4c6-932d1aee34db,biotite.auction,available,38.98,46.98,medium,low,7,namecheap,,,23/09/2026 19:13
c47fa280-42a7-46d6-a6f6-ab8fdaf76a1c,spoof.auction,available,36.99,36.99,high,low,5,namesilo,,,23/09/2026 11:26
4889bc83-40a3-4bee-adc9-73ed0f2588b3,pervert.auction,available,38.98,46.98,medium,low,7,namecheap,,,23/09/2026 23:54
4fea72fd-bc20-4fdb-a06b-72b87bf774f4,eyepiece.auction,available,36.99,36.99,medium,low,8,namesilo,,,04/09/2026 00:46
3356a93f-39b6-43f9-9d76-a6e2ddfcac0a,anas.auction,available,36.99,36.99,medium,low,4,namesilo,,,19/09/2026 02:30
b6bc7ddd-bbeb-4208-9093-6c060b1e3f22,ventilators.auction,available,36.99,36.99,low,low,11,namesilo,,,18/09/2026 23:26
f2c0b70a-574e-49ec-b0d3-a3d26a67a3aa,auxiliary.auction,available,4.99,52.99,high,low,9,name.com,,,
129a9701-0e4a-4217-9576-96e11aa0f900,addict.auction,available,38.98,46.98,high,low,6,namecheap,,,17/09/2026 06:48
25d017f8-2365-4c2c-a5ae-eac8e0669a6e,worth.auction,available,29.18,29.18,high,low,5,spaceship,,,28/09/2026 11:03
96715df7-7dec-44b9-987f-4e6a6005b733,shipley.auction,available,29.18,29.18,medium,low,7,spaceship,,,29/09/2026 09:53
17ab6e7f-2638-4d14-9466-6724069e3474,romanist.auction,available,36.99,36.99,medium,low,8,namesilo,,,05/09/2026 01:28
7d8078f0-11dc-4f16-9c7b-8f15cfcc6351,bricks.auction,available,4.99,,medium,low,6,name.com,,,
27563d32-86a3-4c89-a05f-4de0ef129b38,clinched.auction,available,4.99,52.99,medium,low,8,name.com,,,12/08/2026 10:46
b0036cab-afdd-433c-8939-b5cc65513683,fetching.auction,available,4.99,52.99,high,low,8,name.com,,,18/08/2026 02:20
2f467f1e-9166-4181-9fd9-ed96adc0843c,observer.auction,available,36.99,36.99,high,low,8,namesilo,,,27/09/2026 03:30
4afab970-d22c-49c6-838e-085c31e687e0,relish.auction,available,29.18,29.18,high,low,6,spaceship,,,29/09/2026 21:47
3c6ba794-2a2b-4162-9626-8ad3b2289bb1,intervals.auction,available,36.99,36.99,medium,low,9,namesilo,,,29/09/2026 23:54
c775e3d7-072d-4b32-bb49-7e537ac11b1d,erwin.auction,available,38.98,46.98,high,low,5,namecheap,,,27/09/2026 01:41
f3b703df-b96f-43cd-8a5c-6bef2aa618e9,contiguous.auction,available,4.99,52.99,medium,low,10,name.com,,,12/08/2026 23:11
6642a518-cd30-48d9-bfab-f7ce72e25874,naval.auction,available,36.99,36.99,high,low,5,namesilo,,,03/09/2026 14:07
f9f68961-d5ad-4bdb-aceb-f208a36bddbe,anthill.auction,available,36.99,36.99,high,low,7,namesilo,,,19/09/2026 13:26
d778b6c4-ad83-4c10-a130-a167f6dce4d7,scraped.auction,available,36.99,36.99,low,low,7,namesilo,,,02/10/2026 02:28
b218fdf2-e8b8-412a-b2fa-1656dca1420d,denominations.auction,available,36.99,36.99,low,low,13,namesilo,,,21/09/2026 00:01
5bda7057-7ed8-461d-8e6c-72916bdd52e1,administered.auction,available,36.99,36.99,medium,low,12,namesilo,,,29/09/2026 16:19
7726dbde-a4b8-4368-92a3-4718c6bd4469,inculpable.auction,available,4.99,52.99,medium,low,10,name.com,,,10/08/2026 12:55
afa36f83-f2bb-42e6-b694-18155af92339,isle.auction,available,29.18,29.18,high,low,4,spaceship,,,30/09/2026 00:26
c9fa09e3-c86b-403d-bc7d-5e3e9a02acb4,mandalay.auction,available,38.98,46.98,high,low,8,namecheap,,,01/10/2026 02:58
d584cde6-9984-4f94-ac63-9b3297354338,kang.auction,available,36.99,36.99,medium,low,4,namesilo,,,28/09/2026 11:38
cbeb382b-bdb7-40eb-abeb-55643bd47a77,drippy.auction,available,4.99,52.99,medium,low,6,name.com,,,09/08/2026 00:32
12013036-0290-4ee1-a5d5-217630b1307c,coupons.auction,available,36.99,36.99,medium,low,7,namesilo,,,21/09/2026 07:55
68961039-4eb1-4896-a302-3f383e9ecb64,miffed.auction,available,4.99,52.99,medium,low,6,name.com,,,
02febc32-2b6d-4af6-b3f4-18b94907c72b,photographer.auction,available,38.98,46.98,high,low,12,namecheap,,,27/09/2026 06:12
e24e588b-2e00-477c-9ec8-00da69dd7cfe,sunshade.auction,available,36.99,36.99,high,low,8,namesilo,,,21/09/2026 10:14
3935ee6e-2dc3-4fe5-923c-0fef568d5b17,duodecimal.auction,available,4.99,52.99,medium,low,10,name.com,,,14/08/2026 21:19
19f01926-1f6a-4c83-af92-0faf664016dd,springfield.auction,premium,118.8,118.8,high,low,11,namesilo,,,29/09/2026 22:00
bf42c5a0-4846-4751-9e6a-b23d6903400f,steeply.auction,available,38.98,46.98,medium,low,7,namecheap,,,16/09/2026 06:59
489668ea-d764-4264-90a3-64440787dd3b,applicator.auction,available,38.98,46.98,medium,low,10,namecheap,,,19/09/2026 21:55
43a3e924-0e7e-4328-9809-9c4008f22961,favorites.auction,available,29.18,29.18,medium,low,9,spaceship,,,28/09/2026 18:13
a9ef78de-58d1-41e9-a05a-03a8b32cdc61,sunburn.auction,available,36.99,36.99,high,low,7,namesilo,,,11/09/2026 07:53
01a79e2e-532a-4f72-bf95-045d4205b017,worried.auction,available,36.99,36.99,high,low,7,namesilo,,,24/09/2026 11:23
c2fb0409-98d3-4796-bf21-7621f05cf33f,technique.auction,available,36.99,36.99,high,low,9,namesilo,,,28/09/2026 08:09
bc45082e-730d-4806-8df2-e07adb96503b,chart.auction,available,29.18,29.18,high,low,5,spaceship,,,29/09/2026 08:17
ad4d45f0-5735-4a97-a0aa-2fd9a069a343,autocue.auction,available,36.99,36.99,medium,low,7,namesilo,,,21/09/2026 06:14
98a7440a-97e5-4c60-b833-b1fd1c0d9f54,cannon.auction,available,4.99,52.99,high,low,6,name.com,,,24/09/2026 12:05
873566e5-34ee-48b5-8f32-eddd8e0694da,troubling.auction,available,4.99,52.99,medium,low,9,name.com,,,14/08/2026 13:19
1ade1357-4d40-4006-91ce-4a17b413d9e3,loco.auction,available,4.99,52.99,high,low,4,name.com,,,06/08/2026 21:13
b6511c41-5024-4507-9972-45891fb731f8,waxen.auction,available,36.99,36.99,medium,low,5,namesilo,,,13/09/2026 08:42
aa2ec28f-b8a1-484d-a616-af8d9e7b2ef1,hale.auction,available,4.99,52.99,high,low,4,name.com,,,20/08/2026 22:23
1760a270-3b61-466e-ae52-5feb71da2e0b,peso.auction,premium,242,242,high,low,4,namesilo,,,24/09/2026 14:37
e7925dbe-8555-4bc9-997a-0b27347e94dd,overlook.auction,available,29.18,29.18,high,low,8,spaceship,,,30/09/2026 05:32
ed3ac9f4-95b1-413b-b667-85ac9780d798,danger.auction,available,28.2,28.2,high,low,6,cloudflare,,,29/09/2026 13:11
e59df7ee-1dc3-4971-b8b7-aac3f290ec3e,imaging.auction,available,29.18,29.18,high,low,7,spaceship,,,29/09/2026 19:16
365f62f7-45e6-4a5d-b46d-f7089eb7648c,dio.auction,available,36.99,36.99,medium,low,3,namesilo,,,29/09/2026 09:47
d7584bab-ed7c-4a80-85dc-ec55ab021ec1,smuggle.auction,available,28.2,28.2,medium,low,7,cloudflare,,,01/10/2026 22:13
5cb9cda3-6253-4056-8c68-fc349acbec40,frankie.auction,available,36.99,36.99,high,low,7,namesilo,,,26/09/2026 03:25
792f7649-5926-4aa2-92a9-14e76e68d2eb,mercy.auction,available,36.99,36.99,high,low,5,namesilo,,,25/09/2026 09:18
86c047e1-0cc1-4654-b20f-76fe5c134901,themes.auction,available,36.99,36.99,medium,low,6,namesilo,,,30/09/2026 06:34
3b75f919-84ff-4e2d-ba0f-0dee8f0c20f0,economic.auction,available,38.98,46.98,high,low,8,namecheap,,,24/09/2026 13:22
d489a98b-93f8-449a-a097-c31bd666e6b2,martinsville.auction,available,36.99,36.99,medium,low,12,namesilo,,,30/09/2026 05:38
c793ffbd-5b76-4e5c-8fc6-b8120578ca1b,roughly.auction,available,36.99,36.99,high,low,7,namesilo,,,21/09/2026 14:14
30ad05b3-63ea-4ab1-9e52-119921cbec29,divas.auction,available,36.99,36.99,medium,low,5,namesilo,,,20/09/2026 06:21
710c91ac-c9f3-469a-adda-b14604ff0c81,assyria.auction,available,36.99,36.99,medium,low,7,namesilo,,,20/09/2026 16:47
41504254-22c3-4e22-90a9-eb858ddeed33,tavistock.auction,available,28.2,28.2,medium,low,9,cloudflare,,,02/10/2026 00:47
fd287e24-c0b7-4772-be63-9f2c86bfde16,augustus.auction,available,36.99,36.99,high,low,8,namesilo,,,21/09/2026 04:02
b8245024-0b57-40e6-9186-9870903ab45a,prescribed.auction,available,4.99,52.99,medium,low,10,name.com,,,13/08/2026 22:17
208fd362-1231-4246-9939-2cd781bac76b,hearings.auction,available,3.09,29.35,medium,low,8,porkbun,,,29/09/2026 23:58
5563135f-7fa7-436f-a58e-9a8b0cef69cd,tined.auction,available,36.99,36.99,medium,low,5,namesilo,,,09/09/2026 03:20
4d44577e-2c90-46e6-8097-7e122c241da6,aileron.auction,available,38.98,46.98,medium,low,7,namecheap,,,17/09/2026 21:10
c3f8910d-ceea-46a1-b1d6-36da6d6fd409,expressed.auction,available,4.99,52.99,high,low,9,name.com,,,17/08/2026 18:26
8efa0f9f-3421-4e71-b88f-c352ad05b25f,pinochle.auction,available,36.99,36.99,high,low,8,namesilo,,,23/09/2026 12:19
48c827b5-6003-435f-9f43-4331580a8fbd,crucial.auction,available,36.99,36.99,high,low,7,namesilo,,,22/09/2026 00:39
ec9e26c8-70db-44b9-9475-0e70eaff2516,natation.auction,available,4.99,52.99,medium,low,8,name.com,,,18/08/2026 08:34
e423ae9f-aac0-4da9-9083-2a4c573fca7b,deposed.auction,available,29.18,29.18,low,low,7,spaceship,,,02/10/2026 03:36
0211b13f-347f-45f5-a572-9424a97cb3de,comrades.auction,available,29.18,29.18,medium,low,8,spaceship,,,28/09/2026 13:07
85746a08-dcb0-4b1a-bd21-6e2d01dc4284,glossy.auction,available,4.99,52.99,high,low,6,name.com,,,11/08/2026 14:10
7ada9b93-febc-47c4-a3d1-a3f7a07335b2,waterhouse.auction,available,29.18,29.18,medium,low,10,spaceship,,,28/09/2026 21:43
da9e6cbb-d807-41a7-8b15-3809476dc2fb,yttrium.auction,available,36.99,36.99,medium,low,7,namesilo,,,20/09/2026 23:00
2daf15c8-6975-4320-be03-5dbfff024e94,wilde.auction,available,36.99,36.99,high,low,5,namesilo,,,25/09/2026 09:39
d4e8f9d7-06c1-4324-9307-abd92666823a,ecg.auction,available,36.99,36.99,high,low,3,namesilo,,,30/09/2026 00:58
b6ee4e1f-4af5-483b-83f7-7b29300cee89,confines.auction,available,36.99,36.99,high,low,8,namesilo,,,24/09/2026 17:13
ece3e27c-d5ec-458c-a87f-63830bd5821d,condensed.auction,available,28.2,28.2,high,low,9,cloudflare,,,01/10/2026 06:05
ca9866c6-1bc3-4b8e-a8e2-feb981fe7acf,cosily.auction,available,36.99,36.99,medium,low,6,namesilo,,,14/09/2026 08:50
b81dcb2e-c931-49c9-af8c-953c1fe1a17f,cairo.auction,premium,118.8,118.8,high,low,5,namesilo,,,28/09/2026 19:56
bd5b9ca7-e312-4ac5-ac0f-bce4a9788471,whittier.auction,available,29.18,29.18,medium,low,8,spaceship,,,28/09/2026 10:10
a24115a5-f819-4815-9a8b-49e346c521e8,unpowered.auction,available,36.99,36.99,medium,low,9,namesilo,,,12/09/2026 17:18
55fdb959-6503-405e-8dc0-2e13e906eea7,babar.auction,available,36.99,36.99,high,low,5,namesilo,,,21/09/2026 12:14
9f9223fe-dd08-492f-b994-7a7cf1a36fa1,remembrances.auction,available,36.99,36.99,medium,low,12,namesilo,,,19/09/2026 23:41
599e1ac0-fb64-4a55-a4a3-fccee88ce1bb,painful.auction,available,4.99,52.99,high,low,7,name.com,,,
32f89c83-72d4-4eb9-877f-9a81fa6fc165,mumbai.auction,premium,54.36,108.6,medium,low,6,porkbun,,,29/09/2026 00:13
91eadb79-3e34-460f-8064-85e368beb9e2,delivery.auction,available,36.99,36.99,high,low,8,namesilo,,,29/09/2026 04:21
db419bcc-ba03-4567-8489-08604b45a46e,erotism.auction,available,38.98,46.98,medium,low,7,namecheap,,,18/09/2026 16:15
cd61f690-2e92-4bed-afce-fe46d365aaed,firewall.auction,available,36.99,36.99,high,low,8,namesilo,,,01/10/2026 02:10
7866f40c-e873-4bbc-b92e-ca495ef21e09,stiff.auction,available,4.99,52.99,medium,low,5,name.com,,,09/08/2026 16:54
95d74c4d-f6e3-4910-82f1-8af62fc9d70d,rosecrans.auction,available,3,30.18,medium,low,9,dynadot,,,02/10/2026 00:51
edca3d9d-88c2-4017-89d4-11088057a70e,instead.auction,available,3,30.18,medium,low,7,dynadot,,,28/09/2026 12:08
7870504f-611c-4469-8de7-08b040bf9a52,amyloid.auction,available,4.99,52.99,medium,low,7,name.com,,,
05494af4-e7d2-4c84-8218-2ce2f9076b1c,braun.auction,available,36.99,36.99,high,low,5,namesilo,,,25/09/2026 02:19
6d66bd48-4783-465b-b1f8-32978d0b4e18,aboulic.auction,available,4.99,52.99,medium,low,7,name.com,,,
b5334e82-6156-4b6b-abfb-e4c5dc6519f3,usual.auction,available,29.18,29.18,high,low,5,spaceship,,,28/09/2026 10:03
c9335942-8788-4e79-b3b0-d2b80f597c30,read.auction,available,36.99,36.99,high,medium,4,namesilo,,,26/09/2026 00:08
fe4a026c-7998-4c40-b7da-19a5d6a56e2e,ornaments.auction,available,29.18,29.18,medium,low,9,spaceship,,,30/09/2026 13:57
67f52e73-030f-4667-8fa6-76bacf7f2513,pendulum.auction,available,36.99,36.99,high,low,8,namesilo,,,01/10/2026 03:17
67251112-32ad-492a-b27f-b58e3389f341,darby.auction,available,3,30.18,high,low,5,dynadot,,,01/10/2026 06:43
0b5a12b6-7c59-47aa-8185-7464b489b9f3,stumble.auction,available,29.18,29.18,high,low,7,spaceship,,,30/09/2026 10:30
561837a2-fbb7-4d0c-8153-d19666c3deaa,theist.auction,available,36.99,36.99,medium,low,6,namesilo,,,11/09/2026 12:37
c29a3b93-d8cc-44b7-a2d1-a9d25ab1ec2f,revered.auction,available,3.09,29.35,high,low,7,porkbun,,,27/09/2026 14:02
d366764e-f726-40a5-876a-21385d7f6960,polio.auction,available,36.99,36.99,medium,low,5,namesilo,,,17/09/2026 05:40
c72035cd-9bf6-4ffc-a06f-06b03f93dc6a,nests.auction,available,36.99,36.99,medium,low,5,namesilo,,,02/10/2026 02:53
22cc1978-618e-41c6-b67f-d8e7512cf8bc,bbb.auction,available,38.98,46.98,high,low,3,namecheap,,,01/10/2026 23:02
66e3eddd-90be-42f0-a161-c32eb7378918,buildings.auction,premium,242,242,medium,low,9,namesilo,,,27/09/2026 09:32
c143692c-2f8c-4c5c-b5d2-94f3117b56b1,aerate.auction,available,38.98,46.98,high,low,6,namecheap,,,17/09/2026 21:35
d422a846-833b-4b81-96f6-40fc0f5db103,paths.auction,available,36.99,36.99,medium,low,5,namesilo,,,18/09/2026 10:52
36afba7a-ecd4-4872-b432-f8cbb58e2542,mcnamara.auction,available,36.99,36.99,medium,low,8,namesilo,,,27/09/2026 08:09
25091bb7-3df5-407c-83ea-15ae120a6061,twist.auction,available,36.99,36.99,high,low,5,namesilo,,,28/09/2026 10:40
e0aa557d-f66f-401b-84aa-6f6031479265,orca.auction,available,29.18,29.18,high,medium,4,spaceship,,,29/09/2026 21:14
4198b8f1-c7a4-4e0f-9f40-b30c7dd4f78e,blistering.auction,available,4.99,52.99,medium,low,10,name.com,,,
fa5515af-b8b8-44d0-96f6-c3b5d04cd57d,portent.auction,available,36.99,36.99,medium,low,7,namesilo,,,09/09/2026 02:55
5748c1f7-c1d9-440f-ae83-a1fb6f2bdafa,steady.auction,available,36.99,36.99,high,low,6,namesilo,,,25/09/2026 20:39
34c31e97-4ff6-4322-b05b-8884ea93b03c,sugars.auction,available,38.98,46.98,medium,low,6,namecheap,,,18/09/2026 08:14
67dc06b9-0faf-40dd-a32f-10678ab3b6ae,submerged.auction,available,36.99,36.99,medium,low,9,namesilo,,,10/09/2026 23:30
ac1fd93b-ba61-44b2-931b-0f80b25d4ce9,schemes.auction,available,36.99,36.99,medium,low,7,namesilo,,,29/09/2026 17:00
ea208c29-7f89-4216-b538-e16e3479ce95,shines.auction,available,36.99,36.99,medium,low,6,namesilo,,,29/09/2026 17:16
070bd7d1-0aa9-48f3-9a0e-6cbf4ab38b91,begging.auction,available,36.99,36.99,medium,low,7,namesilo,,,23/09/2026 02:16
fefe03d3-ebd0-45fe-a041-dd26a3f4be63,comely.auction,available,4.99,52.99,medium,low,6,name.com,,,09/08/2026 06:13
3d3cf20d-e215-4883-9e6e-e96925e8517c,mbta.auction,available,29.18,29.18,medium,low,4,spaceship,,,02/10/2026 00:06
d0b5388a-0695-47e9-8552-e2a4dcc9b514,highest.auction,available,36.99,36.99,medium,low,7,namesilo,,,25/09/2026 16:49
7eb4ca9d-a4ce-4fd3-bba3-bea01b85af4d,bakshis.auction,available,36.99,36.99,medium,low,7,namesilo,,,21/09/2026 15:54
ad43b041-fcb7-4758-87d6-a76d50360a83,guaranteed.auction,available,28.2,28.2,high,low,10,cloudflare,,,28/09/2026 04:50
81f6dd0d-60e5-4b2c-a5c5-128c24ac6997,authoring.auction,available,29.18,29.18,high,low,9,spaceship,,,30/09/2026 11:46
ca0c669f-2828-49f7-8def-6704cd9bc0e4,cancelled.auction,available,4.99,52.99,high,low,9,name.com,,,11/08/2026 16:25
8deec2ed-afaf-4299-92f9-94c77452cce3,courtroom.auction,available,36.99,36.99,high,low,9,namesilo,,,29/09/2026 11:50
50949cfc-909f-4594-8ffc-0ab63c97d801,skittish.auction,available,36.99,36.99,medium,low,8,namesilo,,,10/09/2026 09:48
c61c79b7-9ffe-455a-b204-38516705e051,cobalt.auction,available,36.99,36.99,high,low,6,namesilo,,,20/09/2026 22:41
fc1977bb-e946-4e58-b818-c9fe0d55cb94,roving.auction,available,4.99,52.99,high,low,6,name.com,,,25/08/2026 02:22
c72cfcbb-5582-4887-99b5-48cb6a54fbe9,alvine.auction,available,4.99,52.99,medium,low,6,name.com,,,
c193be43-57c2-4444-b27f-faf6ad06c539,armored.auction,available,36.99,36.99,high,low,7,namesilo,,,22/09/2026 08:00
a3b10a84-6728-4665-a8db-f996d0a6dc99,demeanor.auction,available,36.99,36.99,high,low,8,namesilo,,,24/09/2026 21:47
c2be46db-7c8f-4ab0-a04f-103d77bfa362,bohme.auction,available,38.98,46.98,medium,low,5,namecheap,,,23/09/2026 03:34
548ac300-226f-4a37-8b36-5fde87383d7d,shots.auction,available,4.99,52.99,medium,low,5,name.com,,,20/09/2026 00:10
123ffb4c-e41c-488f-ab88-9305a4ede3c6,acquaintance.auction,available,36.99,36.99,high,low,12,namesilo,,,28/09/2026 08:20
efe41915-905b-4729-97b4-0aac5d7699c2,shanxi.auction,available,29.18,29.18,medium,low,6,spaceship,,,30/09/2026 13:24
65f9172c-fe10-4b24-8b13-d3d6398c7172,insulators.auction,available,29.18,29.18,medium,low,10,spaceship,,,30/09/2026 07:37
1944cf2a-e4da-41ba-8e2e-311325717e87,termination.auction,available,36.99,36.99,high,low,11,namesilo,,,04/09/2026 07:49
78509ae1-9b70-488c-ac91-91c9cc7afa8c,micro.auction,premium,36.32,72.57,high,medium,5,porkbun,,,28/09/2026 08:21
989fb51c-9519-417f-9e20-646a49b141df,resistive.auction,available,36.99,36.99,medium,low,9,namesilo,,,09/09/2026 15:23
37f7d396-e12c-43f1-8a6f-d1c1833e6bbe,shahn.auction,available,38.98,46.98,high,low,5,namecheap,,,23/09/2026 07:28
3cd9f9b6-e2c0-41dc-aa21-7fa0ddac0db0,cosset.auction,available,36.99,36.99,high,low,6,namesilo,,,21/09/2026 13:00
96e11ac0-53e3-4fd0-8d31-67db7e2d1ff3,motherly.auction,available,4.99,52.99,high,low,8,name.com,,,25/08/2026 07:06
5e9854ce-ed41-46fe-ab99-2299e0ddea42,fatalist.auction,available,4.99,52.99,medium,low,8,name.com,,,17/08/2026 23:29
d9901713-677a-450c-80f7-56b5a70f30ac,ouachita.auction,available,29.18,29.18,medium,low,8,spaceship,,,30/09/2026 10:40
2aecb91a-5479-42eb-ac88-4bf7bae45abc,bisexual.auction,available,4.99,52.99,high,low,8,name.com,,,10/08/2026 06:14
31cc3c2e-2934-4976-a308-46578170ccdc,union.auction,premium,78,78,high,low,5,namecheap,,,28/09/2026 09:47
784b12eb-6ece-458d-a93f-65c43af5e957,salvatore.auction,available,28.2,28.2,medium,low,9,cloudflare,,,28/09/2026 16:31
bf3d3ee4-d4a3-462a-b356-adcc3a26a415,blotto.auction,available,4.99,52.99,low,low,6,name.com,,,09/08/2026 15:32
d60e56d9-3ebf-41d7-9e18-962852d1df5d,bigfoot.auction,available,36.99,36.99,high,low,7,namesilo,,,23/09/2026 15:06
c1d7b35f-2789-4262-b289-2fbd31bc387e,branding.auction,premium,207.2,207.2,high,low,8,spaceship,,,01/10/2026 08:14
77986051-0a0a-44d8-8f9c-d4cd61c18ebe,configuration.auction,available,3.09,29.35,medium,low,13,porkbun,,,29/09/2026 10:14
6f880bea-fa5f-4ffb-8bd8-0d5763538c58,publisher.auction,available,36.99,36.99,high,low,9,namesilo,,,28/09/2026 10:33
d98e24ba-3231-4479-80ab-c3a1e4489bec,spelled.auction,available,29.18,29.18,low,low,7,spaceship,,,28/09/2026 16:58
89b269e6-3ae0-4597-b741-c091e5590d6f,bursal.auction,available,4.99,52.99,medium,low,6,name.com,,,11/08/2026 11:04
1618efb7-0dcd-4635-8070-e5f6943f840e,transcript.auction,available,36.99,36.99,high,low,10,namesilo,,,25/09/2026 22:18
3a046cd2-55b7-4dd0-9187-7f4d129c7d18,culinary.auction,available,36.99,36.99,high,low,8,namesilo,,,19/09/2026 15:04
99f50831-399f-4542-8ef8-b56af10050f4,jose.auction,available,29.18,29.18,medium,low,4,spaceship,,,28/09/2026 11:51
252ca7c6-2a53-407a-b05d-c7d27fa472ce,asdic.auction,available,38.98,46.98,medium,low,5,namecheap,,,20/09/2026 13:30
97075427-23ab-4f40-8ba2-b2904240222a,practitioner.auction,available,29.18,29.18,high,low,12,spaceship,,,29/09/2026 14:23
adc7846b-784f-47a6-abb2-90bd9223a551,ine.auction,available,28.2,28.2,medium,low,3,cloudflare,,,28/09/2026 08:13
93b3bd4b-0580-45e7-8ee5-5b9a9b69743f,barde.auction,available,36.99,36.99,medium,low,5,namesilo,,,22/09/2026 05:12
bd4b6899-3d98-49a9-bc33-a79c942f26b2,mutter.auction,available,36.99,36.99,high,low,6,namesilo,,,03/09/2026 11:12
10e742b2-08c0-465f-94ef-6f6cb9459f44,secrecy.auction,available,36.99,36.99,high,low,7,namesilo,,,24/09/2026 17:03
476a76eb-44a2-44da-8187-19c8f4778db9,hawthorne.auction,available,38.98,46.98,high,low,9,namecheap,,,30/09/2026 10:05
877ae87c-5793-4ae2-b390-8b53c56dcc8f,glenn.auction,available,36.99,36.99,high,low,5,namesilo,,,25/09/2026 06:35
f67ecf6e-9de4-4e7b-97f1-560efc6873a9,shareholder.auction,available,36.99,36.99,high,low,11,namesilo,,,30/09/2026 03:52
c0f08f3c-eba6-4733-b490-8246685c0e41,weighty.auction,available,4.99,52.99,medium,low,7,name.com,,,12/08/2026 15:37
68e3f294-80f2-47b3-80d1-fe6dd3551118,politician.auction,available,29.18,29.18,high,low,10,spaceship,,,28/09/2026 10:44
4a1e762f-6180-4794-b04f-36f95213d92b,jot.auction,available,29.18,29.18,high,low,3,spaceship,,,30/09/2026 00:55
4221d7ca-d5a1-42fe-a290-9ed8e2d8d529,baines.auction,available,28.2,28.2,medium,low,6,cloudflare,,,30/09/2026 21:38
b1597c64-9d36-4917-af6e-9b2250b71c8c,object.auction,available,36.99,36.99,high,low,6,namesilo,,,19/09/2026 05:21
099f57a9-d07f-46b3-a134-670d38552792,pearly.auction,available,36.99,36.99,high,low,6,namesilo,,,08/09/2026 11:21
4d1ea058-34fe-4786-9e7a-49851d9c2b36,measured.auction,available,4.99,52.99,high,low,8,name.com,,,11/08/2026 13:59
f068973c-c5b3-434d-9a04-890ed5ff3b6b,bedamn.auction,available,4.99,52.99,medium,low,6,name.com,,,13/08/2026 16:21
e917bdf2-978c-4f6c-b82f-8e1ec3588147,gad.auction,available,36.99,36.99,medium,low,3,namesilo,,,19/09/2026 15:59
31e47552-20b2-4e64-831b-610ac1124473,persistent.auction,available,4.99,52.99,high,low,10,name.com,,,14/08/2026 14:58
8e96d0ac-2caa-4f78-ba2e-ed6a87596e3e,affected.auction,available,4.99,52.99,high,low,8,name.com,,,
4e627bbf-9243-4c10-815a-020db3d28f3d,miscellany.auction,available,4.99,52.99,medium,low,10,name.com,,,25/08/2026 08:20
73d98570-518c-4906-9d9b-363ae2ab5f57,splendidly.auction,available,36.99,36.99,medium,low,10,namesilo,,,14/09/2026 16:44
6c33aa9f-3469-46cf-9c14-6228509fc874,whiny.auction,available,36.99,36.99,medium,low,5,namesilo,,,09/09/2026 08:37
1f5f9e99-e03e-448b-bcf8-b0d7974848e2,unlaced.auction,available,36.99,36.99,medium,low,7,namesilo,,,12/09/2026 14:37
8942ec58-f830-46fc-a14a-a98fdf785d2e,jericho.auction,available,28.2,28.2,high,low,7,cloudflare,,,30/09/2026 10:18
f6e8cfa1-6f06-45e4-8c49-1e703c0b3cc9,uncontrollable.auction,available,4.99,,medium,low,14,name.com,,,
d6e3623e-10ae-440c-be98-d6dc8a63ba2b,sse.auction,available,36.99,36.99,high,low,3,namesilo,,,16/09/2026 05:18
26c6bbff-2309-4871-a7b5-ca21b9d864b8,metropolitan.auction,available,29.18,29.18,medium,low,12,spaceship,,,29/09/2026 02:58
12738f01-d8f6-4968-b386-3ff24b89f12a,daisy.auction,available,36.99,36.99,high,low,5,namesilo,,,25/09/2026 04:34
2ff1eaf1-0ace-4ecf-8103-f4a15f7da604,needless.auction,available,4.99,52.99,medium,low,8,name.com,,,03/09/2026 14:55
aca51c37-5314-4f78-8c32-b13375200ad4,ards.auction,available,38.98,46.98,medium,low,4,namecheap,,,17/09/2026 10:14
e886cc2e-9214-4078-bfcf-3aecf0cc6375,thermometer.auction,available,29.18,29.18,high,low,11,spaceship,,,30/09/2026 03:20
b420fa8b-5610-4640-aa0b-0b59c9d78286,sends.auction,available,36.99,36.99,medium,low,5,namesilo,,,27/09/2026 03:02
d4f9a213-b2be-4536-9aa1-149321654fe7,ren.auction,available,36.99,36.99,high,low,3,namesilo,,,29/09/2026 02:51
5f620fa3-9dcc-4800-93a9-7847ba2acf9b,bosses.auction,available,36.99,36.99,medium,low,6,namesilo,,,18/09/2026 05:55
445f8dae-b00b-4d60-b2a2-1d3a9ade098b,knowledge.auction,premium,118.8,118.8,high,low,9,namesilo,,,30/09/2026 17:30
27af7941-6693-4111-a7bc-61cc24bda168,hefty.auction,available,4.99,52.99,medium,low,5,name.com,,,11/08/2026 02:48
1ac2e066-75dd-4c7a-97d6-ad1d41cbc555,beneficial.auction,available,4.99,52.99,high,low,10,name.com,,,09/08/2026 14:24
5b720c77-27b2-424d-85cf-3fdee7411a2f,fifties.auction,available,36.99,36.99,high,low,7,namesilo,,,16/09/2026 12:10
f2f47cdc-e16c-46cc-9131-90c7c7ba6046,surrendered.auction,available,28.2,28.2,low,low,11,cloudflare,,,29/09/2026 05:38
7235c253-64e1-4804-b514-ba14034f6317,pickett.auction,available,36.99,36.99,medium,low,7,namesilo,,,28/09/2026 14:18
81907d6e-90bc-4fa5-8f9f-c1201391a132,bazaar.auction,premium,128.7,128.7,high,low,6,namecheap,,,22/09/2026 18:20
efd0febe-5712-4c24-9e93-870547751753,shift.auction,available,29.18,29.18,high,medium,5,spaceship,,,27/09/2026 21:11
f41072df-f85c-4bb4-b9eb-804844f32457,crackle.auction,available,4.99,52.99,high,low,7,name.com,,,13/08/2026 04:25
9a9b77fd-9dec-4530-bf7b-491b8d1d5f8a,substantial.auction,available,29.18,29.18,high,low,11,spaceship,,,01/10/2026 05:35
d5a0f4ce-2e07-46cd-9719-91cee780cd8c,amigo.auction,available,38.98,46.98,high,low,5,namecheap,,,18/09/2026 21:37
a99f2d8e-5cb6-4d9a-9c70-c406f56d3cac,boris.auction,available,38.98,46.98,high,low,5,namecheap,,,25/09/2026 20:39
e05175c8-0506-406a-8ffb-97c0f306eb1d,nashville.auction,premium,1107,1107,high,low,9,namesilo,,,29/09/2026 07:04
27be6127-fb73-4cbe-a2e6-872eded6e3b6,compliment.auction,available,36.99,36.99,high,low,10,namesilo,,,24/09/2026 16:50
51569ffc-1de6-4b7f-bb32-a558a192d414,squealed.auction,available,36.99,36.99,low,low,8,namesilo,,,20/09/2026 17:30
68b430bc-240a-46e2-87db-8a977d792366,ungoverned.auction,available,36.99,36.99,medium,low,10,namesilo,,,12/09/2026 04:36
b1abcf58-d0ef-4b93-b897-c4c60d91aaaa,biscayne.auction,available,3.09,29.35,medium,low,8,porkbun,,,01/10/2026 09:13
0839542d-e569-4f6e-a785-f7b75de86dff,negative.auction,available,36.99,36.99,high,low,8,namesilo,,,24/09/2026 11:09
be5818fb-549e-405b-90a7-ae1f83fda5b6,peaked.auction,available,29.18,29.18,medium,low,6,spaceship,,,29/09/2026 21:11
9e002c36-f02a-49d0-ac37-b4b3c524b1be,aspheric.auction,available,4.99,52.99,medium,low,8,name.com,,,07/08/2026 04:52
8b1640f6-228d-4845-8272-8d8cb5432ba4,amnesty.auction,available,36.99,36.99,high,low,7,namesilo,,,18/09/2026 22:23
97b592fb-a0ae-4fd2-9d9f-b8d3c6fdec87,aloneness.auction,available,36.99,36.99,medium,low,9,namesilo,,,18/09/2026 13:12
13b26f1d-2c7d-482e-8926-a7dd48c892ee,doorman.auction,available,36.99,36.99,high,low,7,namesilo,,,01/10/2026 01:48
69aa723f-20a6-46b2-8ac9-25972c946145,inheritance.auction,available,29.18,29.18,high,low,11,spaceship,,,28/09/2026 12:28
79a5e722-82cd-4191-aa86-a718a621478b,lectures.auction,available,3,30.18,low,low,8,dynadot,,,29/09/2026 05:25
a1993449-820d-42fe-b2b1-fa0d7c4ee609,laptop.auction,premium,1107,1107,high,low,6,namesilo,,,30/09/2026 02:07
7ebbbe70-3d48-41fa-a0b5-68a20a45dbc9,facility.auction,premium,207.2,207.2,high,low,8,spaceship,,,28/09/2026 18:28
15f08efd-5943-4233-b3e2-8cb6fa30d343,archosaur.auction,available,4.99,52.99,medium,low,9,name.com,,,06/08/2026 15:57
50dd8fcc-7de4-4b80-8826-b295e190a78e,pigfish.auction,available,36.99,36.99,medium,low,7,namesilo,,,17/09/2026 00:46
3d4fd768-2ff9-4e77-831a-7c77666473aa,shipping.auction,available,36.99,36.99,high,low,8,namesilo,,,28/09/2026 08:55
7217d899-835d-4341-8467-b95d0d2394d8,echoless.auction,available,4.99,52.99,medium,low,8,name.com,,,14/08/2026 23:38
90bce057-b25d-4a23-8dcc-f297bde19b3c,hendricks.auction,available,36.99,36.99,medium,low,9,namesilo,,,28/09/2026 08:45
65bd6877-a859-45ae-ad3d-5489b7dad248,naughty.auction,premium,250,250,high,low,7,name.com,,,18/08/2026 20:00
317494c8-ff2f-488a-9c58-1e84828bd2bf,questioner.auction,available,36.99,36.99,medium,low,10,namesilo,,,20/09/2026 14:25
ab03a281-4a4e-4f61-a254-0e529fed5d84,yours.auction,available,29.18,29.18,high,low,5,spaceship,,,02/10/2026 04:34
cd8399ef-a407-46eb-be75-54e452de2be7,abbott.auction,available,3.09,29.35,high,low,6,porkbun,,,27/09/2026 17:56
97019a88-7f82-46b1-8349-3bec052ed9f6,wills.auction,available,29.18,29.18,high,low,5,spaceship,,,29/09/2026 03:50
73df4acf-f85d-4502-a0e2-eb1cc8556b0e,dictate.auction,available,38.98,46.98,high,low,7,namecheap,,,29/09/2026 18:38
3057cd98-806a-4b4d-a17a-6bf32880d457,coming.auction,available,38.98,46.98,high,low,6,namecheap,,,23/09/2026 15:31
f625a1b4-4dba-4097-86da-4ee23fcf9d4f,stench.auction,available,29.18,29.18,medium,low,6,spaceship,,,02/10/2026 04:49
23482fd3-147d-4594-9eee-da0fb9f7874f,highlights.auction,available,36.99,36.99,high,low,10,namesilo,,,29/09/2026 17:36
426cd537-6d76-43d3-a29f-9a3ebec2c522,contestants.auction,available,38.98,46.98,medium,low,11,namecheap,,,29/09/2026 11:30
835f1a16-bcf6-43c9-8d07-b4d2941b4c1b,arsonist.auction,available,4.99,52.99,medium,low,8,name.com,,,22/08/2026 00:55
c2222d4f-a5f7-4e24-9375-97f2f34e7f67,baklava.auction,available,38.98,46.98,high,low,7,namecheap,,,21/09/2026 20:21
562aa47c-370d-4c38-acec-e4d0e8c6c8d4,willow.auction,available,38.98,46.98,high,low,6,namecheap,,,30/09/2026 14:43
f0813c08-f87f-4bbc-997a-74311fb7c6f2,clancy.auction,available,29.18,29.18,medium,low,6,spaceship,,,28/09/2026 21:20
98256ebb-0ebb-4e51-bd78-06347aeed60d,copper.auction,available,38.98,46.98,high,low,6,namecheap,,,20/09/2026 22:44
11a66a8e-9c42-4be8-8cba-108e761d2928,enlivened.auction,available,4.99,52.99,high,low,9,name.com,,,17/08/2026 09:37
ed1d6ffd-6251-4ac5-aaf7-364c053e0c9c,gerber.auction,available,3,30.18,high,low,6,dynadot,,,29/09/2026 09:42
dc64b857-824a-4af7-9eea-8a6892cac081,hustler.auction,available,36.99,36.99,high,low,7,namesilo,,,30/09/2026 17:21
244f7cc9-ca6d-4caf-b3b8-6f998e63f425,repent.auction,available,29.18,29.18,high,low,6,spaceship,,,30/09/2026 10:57
f3227950-dacf-4031-a64e-e69b72ad5add,proceeded.auction,available,36.99,36.99,medium,low,9,namesilo,,,18/09/2026 01:36
520ef9cc-bb13-4eb1-b542-b0256f08410d,brenda.auction,available,36.99,36.99,medium,low,6,namesilo,,,25/09/2026 15:27
ccb011d4-a190-442c-8257-ca28dc6453ea,soaker.auction,available,4.99,52.99,medium,low,6,name.com,,,
0bfad2d7-146e-4e2e-a22c-84f12d351645,wardrobe.auction,available,28.2,28.2,high,low,8,cloudflare,,,28/09/2026 06:52
89577fa3-ca19-4b6a-bd68-31c4b2a897fc,syllabled.auction,available,36.99,36.99,medium,low,9,namesilo,,,11/09/2026 06:00
89c8ac9f-2de0-4cc2-86ff-83591b65440b,fluid.auction,available,4.99,52.99,high,low,5,name.com,,,18/08/2026 09:14
8664893f-4b76-48cf-9470-de034cd28cb5,hypocrite.auction,available,38.98,46.98,high,low,9,namecheap,,,08/09/2026 19:08
4e88c203-8d8f-4307-9ea7-93ae192063b1,mecca.auction,premium,54.36,108.6,high,low,5,porkbun,,,30/09/2026 04:13
68bdbbb9-65ae-4c62-b27a-b365b32013fc,roach.auction,available,28.2,28.2,medium,low,5,cloudflare,,,29/09/2026 06:23
7755b58e-6184-4d16-84bf-fb884e958a71,grower.auction,available,38.98,46.98,high,low,6,namecheap,,,17/09/2026 19:21
d4ac0556-bcc3-47fc-9412-54ae7ab4f94f,plato.auction,available,29.18,29.18,high,low,5,spaceship,,,29/09/2026 13:42
02f75298-febb-40ba-8d5f-f78d78ea7c43,escalator.auction,available,3,30.18,high,low,9,dynadot,,,02/10/2026 04:44
dc87baf6-fe0f-4872-b294-4e76cb5b5c8e,committing.auction,available,36.99,36.99,high,low,10,namesilo,,,01/10/2026 23:12
e1553cfd-1cd7-4a33-9687-ea54b1dff64f,eroded.auction,available,4.99,52.99,medium,low,6,name.com,,,17/08/2026 12:24
b1ef2719-7cee-4691-a902-1dd44dc85239,deception.auction,available,36.99,36.99,high,low,9,namesilo,,,24/09/2026 17:22
9b96046c-1fcb-4141-9240-2477c9496586,sussex.auction,available,29.18,29.18,high,low,6,spaceship,,,01/10/2026 21:54
9dd88143-d791-4fb6-ab02-a0af0362c565,astrocyte.auction,available,36.99,36.99,medium,low,9,namesilo,,,20/09/2026 17:36
ee4c701f-e4b4-4818-a651-3f0ddc76a22f,credentials.auction,available,29.18,29.18,high,low,11,spaceship,,,28/09/2026 08:17
6340af05-7bed-46fb-9381-4083b0e3c2ed,flinty.auction,available,4.99,52.99,medium,low,6,name.com,,,18/08/2026 08:18
de90abb9-83b6-495f-b0c7-e6d98d2c45ec,sequent.auction,available,4.99,52.99,high,low,7,name.com,,,
d49497a9-b999-49a2-844d-ead5ed1e67f8,fitting.auction,available,4.99,52.99,high,low,7,name.com,,,18/08/2026 05:50
fad894b7-63a9-4d30-8428-786d4ce3ce9b,rhenish.auction,available,36.99,36.99,medium,low,7,namesilo,,,09/09/2026 16:29
5bef6492-4e59-4f2e-a151-08d53700d5ef,slippers.auction,available,36.99,36.99,medium,low,8,namesilo,,,30/09/2026 07:13
ea4ac4e0-243c-4cf7-b53f-f6f256e551aa,unrefined.auction,available,4.99,52.99,medium,low,9,name.com,,,12/09/2026 17:28
4e57f38b-a5cd-4882-a601-45a2e07b9b0c,bertie.auction,available,29.18,29.18,medium,low,6,spaceship,,,28/09/2026 16:25
46ad226f-d3d4-4ed1-9a9e-a3db8d83a62b,letters.auction,available,36.99,36.99,high,low,7,namesilo,,,30/09/2026 02:50
b64ea38e-0a2b-4028-bff7-cccd69229eff,chronic.auction,available,4.99,52.99,high,low,7,name.com,,,12/08/2026 07:24
dc46da8d-b1fd-464d-b647-f8d947b8219c,ray.auction,available,38.98,46.98,high,low,3,namecheap,,,22/09/2026 19:55
5c4e93b9-77c7-4a11-9fdd-cb0600481b9d,hpv.auction,available,36.99,36.99,high,low,3,namesilo,,,30/09/2026 23:05
547a6d98-34a8-4426-b716-67aa0b198dda,bluff.auction,available,4.99,52.99,high,low,5,name.com,,,10/08/2026 16:13
e486fb7f-e8df-4167-8728-debe298ab67a,arrive.auction,available,28.2,28.2,high,low,6,cloudflare,,,30/09/2026 15:20
2aee7990-c3aa-48d1-8b11-f3740b73c5b3,hold.auction,available,38.98,46.98,high,low,4,namecheap,,,24/09/2026 23:26
a9050e61-c388-4ae7-abb1-d18917925edd,issuer.auction,available,29.18,29.18,high,low,6,spaceship,,,30/09/2026 10:16
95992a3c-f747-4fcd-a7d3-df249ac9da45,tacit.auction,available,36.99,36.99,high,low,5,namesilo,,,11/09/2026 06:56
069b7186-80ac-4268-934c-55858f8b2ef2,standardized.auction,available,28.2,28.2,high,low,12,cloudflare,,,30/09/2026 19:58
260b29d2-2d32-4a46-b6e3-6d8cedd99a3a,liaison.auction,available,36.99,36.99,high,low,7,namesilo,,,17/09/2026 14:03
3eda3f3a-b6d5-456c-ab32-9156d9189133,gras.auction,available,28.2,28.2,medium,low,4,cloudflare,,,01/10/2026 16:24
b1b078e9-9e0d-4a58-8974-1971d8513c7e,describes.auction,available,29.18,29.18,medium,low,9,spaceship,,,29/09/2026 17:07
e87cf9af-9e70-4a6c-805e-383a3d9727ea,gills.auction,available,38.98,46.98,medium,low,5,namecheap,,,30/09/2026 14:13
187fea01-6574-494f-89c4-2245ccf19bc5,catarrhine.auction,available,4.99,52.99,medium,low,10,name.com,,,11/08/2026 21:11
b2f034d9-87e0-4875-be90-c476089bd8a9,relays.auction,available,29.18,29.18,medium,low,6,spaceship,,,01/10/2026 18:27
29d8ab90-e282-4fa6-90ae-5141ea0d9a65,connor.auction,available,36.99,36.99,high,low,6,namesilo,,,25/09/2026 15:29
84d75898-be79-4bc0-931a-d053af0aa7c7,sixth.auction,available,4.99,52.99,high,low,5,name.com,,,
06b179bb-9881-4af8-9816-5c08999b357c,swelled.auction,available,36.99,36.99,medium,low,7,namesilo,,,11/09/2026 05:38
fca835fa-38f8-428d-96ba-5613a0654a96,witchcraft.auction,available,36.99,36.99,high,low,10,namesilo,,,28/09/2026 11:06
59fffb4c-9edc-4e11-925a-3296a3a50dfd,absolver.auction,available,38.98,46.98,medium,low,8,namecheap,,,16/09/2026 18:07
005886d0-9c7a-4647-8374-4e5da1ea8fab,buses.auction,premium,1107,1107,medium,low,5,namesilo,,,18/09/2026 13:34
60972ef2-fc15-4a0f-a66e-ce3644f6859d,toller.auction,available,36.99,36.99,medium,low,6,namesilo,,,23/09/2026 05:41
88661ac3-00ea-4433-af77-5aab024bc8bd,acm.auction,available,29.18,29.18,high,low,3,spaceship,,,28/09/2026 03:40
80b4c9f9-feee-4e53-bb4a-c31e24b177f3,subic.auction,available,29.18,29.18,medium,low,5,spaceship,,,02/10/2026 01:16
ac357fd7-64db-49e3-ab71-7ae6ba00b594,believers.auction,available,29.18,29.18,high,low,9,spaceship,,,30/09/2026 13:58
3364e495-0a50-4232-bb34-7d8ee6d7b812,paste.auction,available,3,30.18,high,low,5,dynadot,,,29/09/2026 20:56
71638593-d2db-4304-8be0-7939210259ca,tyson.auction,available,36.99,36.99,high,low,5,namesilo,,,25/09/2026 23:42
faf656a5-00c9-469e-8910-7ddd650ae21f,gaza.auction,available,36.99,36.99,medium,low,4,namesilo,,,25/09/2026 06:23
03930f1f-e372-42ce-bebf-a26ad35cd85a,uuh.auction,available,36.99,36.99,medium,low,3,namesilo,,,20/09/2026 22:22
cb9c666f-46ea-4385-9b62-baa06bbcf14b,bumped.auction,available,29.18,29.18,medium,low,6,spaceship,,,29/09/2026 21:29
2814d0ff-fe82-4582-924c-871da146daf9,lynchpin.auction,available,36.99,36.99,high,low,8,namesilo,,,21/09/2026 15:18
45df22d3-c12a-49c6-adb7-7cc43c4f1612,insistence.auction,available,29.18,29.18,high,low,10,spaceship,,,01/10/2026 20:02
6d046c84-08ed-4eb9-87f7-e89d9fee9872,anopheles.auction,available,38.98,46.98,medium,low,9,namecheap,,,19/09/2026 11:39
a5d0bc3b-44fa-49a3-9153-832b38cb63a6,firework.auction,available,36.99,36.99,high,low,8,namesilo,,,09/09/2026 07:10
ef65311b-f7a9-48e9-8496-c7e26c630df0,allograph.auction,available,36.99,36.99,medium,low,9,namesilo,,,18/09/2026 11:54
9ee700c5-7b48-4841-afa8-58e11c600608,employee.auction,available,29.18,29.18,high,low,8,spaceship,,,29/09/2026 08:21
217b3c9c-ec9b-4e03-8525-db28b72960aa,expendable.auction,available,4.99,52.99,high,low,10,name.com,,,17/08/2026 18:08
5ca4e695-7869-4d63-8c0d-0733ef2a62e6,homage.auction,available,29.18,29.18,high,low,6,spaceship,,,30/09/2026 01:53
90d44c79-fa8c-4b1c-a3de-94cd7b14ee71,merchandise.auction,available,36.99,36.99,high,low,11,namesilo,,,30/09/2026 09:41
d90877b8-607c-41d8-99de-3488cfe330cb,evoked.auction,available,4.99,52.99,medium,low,6,name.com,,,16/08/2026 04:33
6fa9db1d-b300-4082-a77a-f43abcc43288,milanese.auction,available,4.99,52.99,medium,low,8,name.com,,,24/08/2026 22:53
92b71b7e-1126-44c3-bd58-111a679ea301,intended.auction,available,38.98,46.98,high,low,8,namecheap,,,25/09/2026 09:53
2f1b24fa-c542-4389-9b62-67c8a5136b0b,sinewy.auction,available,4.99,52.99,medium,low,6,name.com,,,11/08/2026 02:52
8ebd5d13-8711-4743-ac6d-0c6b75fe47ff,virginal.auction,available,4.99,52.99,high,low,8,name.com,,,13/09/2026 05:57
58ad3cc5-b896-4659-a5e4-8efdd8725d89,meuse.auction,available,38.98,46.98,medium,low,5,namecheap,,,20/09/2026 04:35
c7332a65-4711-4259-b747-a2111a863e83,cystic.auction,available,4.99,52.99,medium,low,6,name.com,,,13/08/2026 14:36
19a664a5-0015-4790-9625-ddfcd923e4d4,brutish.auction,available,4.99,52.99,low,low,7,name.com,,,09/08/2026 17:59
a75e5dc1-fc6e-4796-9342-14733c53f166,atf.auction,available,38.98,46.98,high,low,3,namecheap,,,20/09/2026 20:14
467c23b4-2f29-4230-a51d-9932863f96aa,radcliffe.auction,available,36.99,36.99,medium,low,9,namesilo,,,27/09/2026 07:53
01e90960-ee9d-4ff1-b532-b0f00d9f59f6,amplifiers.auction,available,36.99,36.99,medium,low,10,namesilo,,,17/09/2026 07:12
2983fabd-2803-40e3-af0b-d648206644c0,zymotic.auction,available,36.99,36.99,medium,low,7,namesilo,,,13/09/2026 15:57
fb397fc1-3d45-41c9-aced-8372858767c2,eddie.auction,available,29.18,29.18,high,low,5,spaceship,,,01/10/2026 08:35
4865d711-6135-4a82-a0dd-9e36d0ed8cd0,salient.auction,available,36.99,36.99,high,low,7,namesilo,,,09/09/2026 03:09
1631a0e0-133a-4b5a-9239-ca6b33fe6393,assignments.auction,available,3,30.18,medium,low,11,dynadot,,,28/09/2026 18:20
7bc403e7-5781-49f4-89b0-38f34e0e0eb4,parched.auction,available,4.99,52.99,medium,low,7,name.com,,,
34842fc7-7b7d-428a-b1cf-1110f5a19a0b,redbrush.auction,available,36.99,36.99,medium,low,8,namesilo,,,18/09/2026 19:44
f1bf13c3-0733-467a-a378-0286225b30e4,cartoon.auction,available,36.99,36.99,high,low,7,namesilo,,,19/09/2026 08:59
3c20eb22-20e8-4acc-a1a7-855a00ef4f45,gag.auction,available,3,30.18,high,low,3,dynadot,,,29/09/2026 20:25
f715b64b-5c92-4f6a-8942-db063137b61c,asiatic.auction,available,4.99,52.99,medium,low,7,name.com,,,07/08/2026 02:29
a66d756b-002e-4ee4-8c8f-22179d377f29,scientists.auction,available,36.99,36.99,medium,low,10,namesilo,,,27/09/2026 11:19
650d920f-576b-4aa2-aeaf-999e07bbfd14,palmatifid.auction,available,36.99,36.99,medium,low,10,namesilo,,,05/09/2026 00:03
da88316a-5e09-4735-b836-c69b23284657,mealy.auction,available,4.99,52.99,low,low,5,name.com,,,12/08/2026 14:05
eaf532d6-fe00-4c67-96eb-34649ce13552,lacks.auction,available,28.2,28.2,low,low,5,cloudflare,,,29/09/2026 10:48
79b96dd6-cbe2-49c8-b03e-9b671a28e426,paragraph.auction,available,29.18,29.18,high,low,9,spaceship,,,28/09/2026 15:02
9b7a30a7-e924-48d9-92da-7169f6af493a,sonoma.auction,available,4.99,52.99,high,low,6,name.com,,,27/09/2026 20:23
a1250c3c-35f4-43ae-8372-7857520e810b,aku.auction,available,38.98,46.98,high,low,3,namecheap,,,18/09/2026 00:16
a85f1d79-fa5b-4a01-a1ac-fb3868ddff00,inflicted.auction,available,36.99,36.99,low,low,9,namesilo,,,30/09/2026 00:06
399df57a-a991-4a25-98d7-87f204edaa85,shaikh.auction,available,38.98,46.98,medium,low,6,namecheap,,,01/10/2026 23:28
c87b27a0-c861-4229-8302-0e2c49098605,soundable.auction,available,4.99,52.99,medium,low,9,name.com,,,17/08/2026 23:44
91406819-c318-4f28-9e74-a3ad44ebc4f2,elderberry.auction,available,36.99,36.99,medium,low,10,namesilo,,,24/09/2026 00:39
fd0a3044-510b-4d45-af6e-b5f55ede48d5,highbrow.auction,available,4.99,52.99,medium,low,8,name.com,,,21/08/2026 09:09
e0c14360-3714-42af-8fbe-a1695719b79f,curiosity.auction,available,36.99,36.99,high,low,9,namesilo,,,29/09/2026 13:03
cd1522be-0867-4e24-b8bb-d80171ac9f9c,apostate.auction,available,4.99,52.99,medium,low,8,name.com,,,06/08/2026 03:35
9292178a-1a45-4404-9b6e-18a7dc6f427b,organise.auction,available,36.99,36.99,high,low,8,namesilo,,,23/09/2026 23:21
1d11f84b-29d6-4203-bc0f-07683c6bee13,governmental.auction,available,36.99,36.99,medium,low,12,namesilo,,,01/10/2026 22:31
78b90ae1-706c-4998-b967-e8f1d667c020,blasted.auction,available,4.99,52.99,medium,low,7,name.com,,,10/08/2026 12:35
17712fb6-8abb-41f8-9b57-7828e36fd0d8,fourth.auction,available,4.99,52.99,high,low,6,name.com,,,
c37f7e0b-6fac-4ba4-be1f-7c036ae76b2f,endicott.auction,available,29.18,29.18,medium,low,8,spaceship,,,30/09/2026 01:32
ada84a49-1b28-4dd2-956f-f0da40542d71,lesson.auction,premium,128.7,128.7,high,low,6,namecheap,,,25/09/2026 21:42
186739e3-fc71-42c7-8d9f-a1c6ced41043,nicely.auction,available,36.99,36.99,high,low,6,namesilo,,,15/09/2026 16:32
bdb75c7b-a9c0-43e5-8fa4-3d450514347b,plaintiffs.auction,available,29.18,29.18,low,low,10,spaceship,,,01/10/2026 00:55
61794b2a-2503-49bb-82ae-1436bb2128a3,dominican.auction,available,4.99,52.99,high,low,9,name.com,,,14/08/2026 15:44
b78f02c1-d7c4-4e49-9676-b942a35f8025,likelihood.auction,available,29.18,29.18,high,low,10,spaceship,,,29/09/2026 01:35
964d843f-54b6-4f60-841f-55c39d272f31,nigel.auction,available,29.18,29.18,high,low,5,spaceship,,,27/09/2026 17:08
73d0621b-ffae-42c7-a56a-9d84de981e86,breaks.auction,available,36.99,36.99,medium,low,6,namesilo,,,17/09/2026 22:04
2db08c58-4079-40bf-bd6f-188c7cbe53f9,applicants.auction,available,29.18,29.18,medium,low,10,spaceship,,,30/09/2026 16:22
e80f13a6-4c16-459a-927d-abe5dbbe91f0,dandily.auction,available,36.99,36.99,medium,low,7,namesilo,,,14/09/2026 10:33
ff968605-0247-47ad-ac02-58d67999bd7f,webmasters.auction,available,38.98,46.98,medium,low,10,namecheap,,,18/09/2026 23:06
2238286a-d125-4c5c-babd-eea615b8270f,utica.auction,available,29.18,29.18,medium,low,5,spaceship,,,27/09/2026 16:08
4f4dd414-69d6-4806-812a-07bb26496756,soon.auction,available,3,30.18,high,low,4,dynadot,,,28/09/2026 13:25
3843a6a3-6e53-4111-a725-075fa45f9f80,jeer.auction,available,4.99,52.99,medium,low,4,name.com,,,22/08/2026 12:37
0abd8ad3-f0b5-421f-87ba-cc74e5efd18e,croat.auction,available,4.99,52.99,medium,low,5,name.com,,,13/08/2026 07:34
c6610315-5493-4140-9a90-e3e0d0df5754,titled.auction,available,4.99,52.99,high,low,6,name.com,,,13/08/2026 01:50
4ac617ad-1ec3-4cbf-a484-05c897a8f6f1,illnesses.auction,available,28.2,28.2,low,low,9,cloudflare,,,01/10/2026 18:29
3f9efe0c-51fc-4100-abd1-be3564ab8dec,vermilion.auction,available,4.99,52.99,high,low,9,name.com,,,12/08/2026 05:45
fbd983ea-807b-4cf8-ab7b-c37df6f9ec30,eclipse.auction,available,36.99,36.99,high,medium,7,namesilo,,,25/09/2026 23:52
3f82507f-605a-4c89-b38e-5716aa027fca,dai.auction,available,36.99,36.99,high,low,3,namesilo,,,26/09/2026 00:53
2798b4ca-5519-459e-8bae-05a5f8af022b,ludicrous.auction,available,4.99,52.99,medium,low,9,name.com,,,14/08/2026 02:58
d745f484-f35f-4910-b302-d271ec5868ec,beebread.auction,available,36.99,36.99,medium,low,8,namesilo,,,18/09/2026 17:24
7908b423-b88e-4d44-b33b-aa7fac6caf43,audubon.auction,available,36.99,36.99,medium,low,7,namesilo,,,21/09/2026 03:14
83c4e9e7-5705-48b9-9a60-79129db9a48b,atomic.auction,available,36.99,36.99,high,medium,6,namesilo,,,22/09/2026 11:03
fc1f8dd3-25f8-46de-9f54-959f1e47d550,sultry.auction,available,4.99,52.99,medium,low,6,name.com,,,10/09/2026 20:31
a3776a32-1fa2-4f68-b520-dbc1944907c6,delphic.auction,available,4.99,52.99,medium,low,7,name.com,,,14/08/2026 00:46
4604a3f6-e67e-49f8-aa7b-1d6f87237b7d,manlike.auction,available,4.99,52.99,medium,low,7,name.com,,,24/08/2026 14:48
822a02dd-ffa4-40a2-8c0d-669348af17ff,acetonic.auction,available,4.99,52.99,medium,low,8,name.com,,,
7810285f-cae2-45f5-aa9d-33c383e26e68,cinderella.auction,available,36.99,36.99,high,low,10,namesilo,,,29/09/2026 09:13
d263da31-3b9c-4471-820b-90b7ea8dae62,sensible.auction,available,36.99,36.99,high,low,8,namesilo,,,09/09/2026 11:07
11afeb59-9e24-4921-ba73-180d99f606af,blackbeard.auction,available,36.99,36.99,medium,low,10,namesilo,,,24/09/2026 02:06
487b3826-49c3-4e84-a33a-9237ad1aca5f,normative.auction,available,4.99,52.99,medium,low,9,name.com,,,03/09/2026 21:19
6b5ab7ec-276d-41f4-b1e3-dbb3cb6dd269,arco.auction,available,4.99,52.99,medium,low,4,name.com,,,06/08/2026 16:02
2990c6c6-dc9d-473d-a695-480d69950301,centenary.auction,available,4.99,52.99,high,low,9,name.com,,,11/08/2026 23:54
806883f8-4434-47e2-ab66-ad0e93a8ec75,hermann.auction,available,36.99,36.99,high,low,7,namesilo,,,20/09/2026 07:11
a510de2a-963d-4487-9053-3a7202027b44,vinton.auction,available,29.18,29.18,medium,low,6,spaceship,,,30/09/2026 21:54
2caa5dae-e49a-48b7-a58a-6ddfb79a6fcb,invitations.auction,available,36.99,36.99,high,low,11,namesilo,,,29/09/2026 11:30
9925c637-f61f-4ed1-a3bf-7a837df8aef0,marty.auction,available,36.99,36.99,high,low,5,namesilo,,,25/09/2026 15:43
0b404619-c9c2-4f87-9929-e5c626f7ace8,backstroke.auction,available,36.99,36.99,high,low,10,namesilo,,,21/09/2026 16:09
4cf776df-9f12-4181-a44c-59a5a8c73ac9,wily.auction,available,4.99,52.99,medium,low,4,name.com,,,13/08/2026 04:38